@05|Май|Весенний двор, одежда и выход в большой мир
Калитка: граница между своим двором и улицей|Гость и хозяин проходят одну калитку, но идут разными путями. Маленькая граница двора открывает порядок соседства и домашнего труда.|Открыть схему двора, выбрать путь гостя и хозяина; сравнить их остановки у хозяйственных построек.|R|Дом и соседство
Телега: летний путь крестьянского хозяйства|Телега отличается от саней не только колёсами. Летний путь требует другой опоры и размещения груза — устройство меняется вместе с дорогой.|На условной модели заменить ходовую часть; увидеть различия опоры и места для груза, затем рассмотреть музейный образец.|R|Дорога
Косоворотка: маленькое смещение большого значения|Застёжка косоворотки смещена в сторону. Небольшая деталь сразу меняет вид рубахи и помогает различить крой, не придумывая единую историю его появления.|Найти линию застёжки на увеличенном изображении; сопоставить её с рубахой другого покроя, без легенды о единственной причине возникновения.|costume|Одежда
Ластовица: свобода движения в небольшом лоскуте|Небольшой лоскут под рукавом даёт свободу движения. Ластовица показывает, как точная деталь меняет удобство рубахи из прямых полотнищ.|Добавить деталь к условному крою и сравнить движение рукава. Точный крой взять с выбранной русской рубахи.|costume|Одежда
Пастушеская сумка: день вдали от дома|Пастух уходит со стадом на целый день. Его сумка собирает нужное вдали от дома — каждый предмет занимает место ради конкретного дела.|Собрать набор по музейному описанию пастушеского быта; раскрыть назначение каждого выбранного предмета.|R|Труд
Егорий вешний: первый выход стада|Первый выход стада становится событием деревни. В обычаях Егорьева дня сезонный труд соединяется с заботой людей о благополучии хозяйства.|На карте выбранного села провести стадо от дворов к пастбищу; открыть подтверждённый местный обычай этого дня.|egorev-den-yurev-den-egorij-veshnij/К|Народный календарь
Ботало: найти животное по звуку|Корова скрылась из виду, но ботало выдаёт её движение. Маленькая звучащая вещь помогает человеку следить за стадом на расстоянии.|Сопоставить запись звучания с формой двух ботал; на условной звуковой карте найти движущийся источник.|R|Труд и звук
Куриное гнездо: маленькое хозяйство внутри большого|Для птицы во дворе отводят гнездо, корм и воду. Небольшой участок хозяйства показывает, сколько ежедневного внимания требует домашняя живность.|Расположить гнездо, корм и воду на схеме выбранного хозяйства; получить объяснение из музейного комментария.|R|Домашние животные
Семейная фотография после Победы|Большая Победа остаётся в семейном альбоме. Снимок сохраняет лица, а подписи и воспоминания возвращают имена людей и обстоятельства встречи.|Рассмотреть выбранный подписанный семейный снимок; отделить видимые детали от воспоминаний владельцев и сохранить карточку памяти.|den-pobedy/К|Семейная память
Прямой сарафан: ткань собирается в объём|Прямоугольные полотнища собираются в просторный сарафан. Объём рождается из сборки ткани — сложный силуэт начинается с простых частей.|Собрать условные полотнища и стянуть верх; сопоставить силуэт с атрибутированным музейным сарафаном.|costume|Одежда
Косоклинный сарафан: ширина спрятана в клиньях|Клинья расширяют подол, оставляя верх узким. В косоклинном сарафане мастерство кроя видно по тому, как распределяется ткань в движении.|Переставить клинья выкройки; увидеть изменение силуэта и сравнить с прямым сарафаном из соседнего дня.|costume|Одежда
Душегрея: короткая вещь поверх длинного сарафана|Короткая душегрея меняет вид длинного сарафана. Костюм складывается слоями: одна вещь задаёт новый силуэт всему наряду.|Добавлять слои к одному музейному комплекту; увидеть, какие части скрываются и какие остаются видны.|costume|Одежда
Передник-запон: повседневность выходит в узор|Передник защищает одежду и несёт отделку. Рабочая вещь может стать нарядной — местная традиция соединяет пользу с вниманием к красоте.|Сравнить два документированных передника одной традиции; отметить материал, отделку и следы использования.|collect|Рязанские традиции
Косник: украшение на конце девичьей косы|Косник держится на конце девичьей косы. Маленькое украшение рассчитано на конкретное место: крепление объясняет форму не хуже узора.|Найти косник в музейном комплекте, развернуть увеличенную форму и связать способ крепления с местом в причёске.|collect|Одежда и возраст
Сорока: головной убор из нескольких частей|За названием «сорока» скрывается убор из нескольких частей. Каждый слой делает свою работу, прежде чем появится знакомый нарядный силуэт.|Собрать слои по описанию выбранного рязанского убора; после каждого шага увидеть его функцию.|collect|Региональный костюм
Нагрудное украшение: наряд звучит и движется|Подвесы нагрудного украшения видны сбоку и в движении. Наряд устроен объёмно: способ крепления хранит часть мастерского замысла.|Повернуть цифровую модель выбранного образца, найти подвесы и способ крепления; движение показать как реконструкцию.|collect|Украшения
Кумач: фабричная ткань входит в деревню|Покупной кумач входит в деревенскую одежду. Новый материал меняет поверхность привычной рубахи, сохраняя связь обновления с местным костюмом.|Сравнить фактуру домотканого полотна и кумача на подписанных образцах; составить карточку обновления гардероба.|costume|Деревня и город
Плис: нарядные штаны молодого парня|Плис придаёт нарядным штанам особую поверхность. Молодёжная мода читается в фактуре ткани, которую трудно заметить издали.|Провести виртуальную лупу по поверхности ткани, сопоставить её с комплектом из Калужской губернии.|costume|Молодёжная мода
Парочка: кофта и юбка как единый наряд|Кофта и юбка составляют «парочку». Новый силуэт входит в местный гардероб — история деревенской одежды продолжается через перемены кроя.|Сравнить музейный пинежский комплект с сарафанным; выделить изменения кроя и сохранить два силуэта рядом.|costume|Мода и изменения
Платок: один квадрат и разные способы ношения|Один квадратный платок можно сложить и надеть по-разному. Движение рук меняет силуэт вещи без единого нового шва.|Повторить по подписанным изображениям способы ношения; получить сравнение формы, не приписывая их всем русским женщинам.|costume|Одежда
Вознесение: праздник, который передвигается|Вознесение зависит от даты Пасхи и не закреплено за одним числом мая. Подвижный праздник показывает другой способ устроить годовой круг.|Передвинуть Пасху на условной ленте, увидеть положение Вознесения через сорок дней; открыть один подтверждённый русский обычай.|voznesenie/П|Народный календарь
Никола вешний: святой в хозяйственном году|Никола вешний входит в хозяйственный календарь разных мест. Один праздничный день связывает церковную память с конкретными занятиями людей.|Выбрать из музейного текста один местный сюжет; связать календарную дату с хозяйственным действием и картой места.|nikola-veshnij-nikolin-den-den-nikolaya-chudotvorca/К|Народный календарь
Сапожные гвозди: крепление, которое обычно не видно|Подошва прячет работу сапожника от первого взгляда. Гвозди и швы показывают, каким способом мастер удержал вместе части обуви.|Перевернуть выбранный сапог, найти шов и крепёж; сопоставить с поэтапной схемой изготовления.|R|Ремесло
Азбука в доме: буквы становятся семейным умением|Домашняя азбука превращает буквы в освоенное умение. Одна страница хранит путь от узнавания знака к слову, которое ребёнок читает сам.|Разобрать страницу выбранной старой азбуки и составить слово из её букв; рядом открыть современное чтение.|den-slavyanskoj-pismennosti-i-kultury-den-svyatyh-kirilla-i-mefodiya/К|Грамотность
Медный замок: как запирали дорогие вещи|Поворот ключа двигает скрытый запор. Медный замок соединяет небольшое движение руки с защитой вещей, которым хозяин отвёл особое место.|На условном разрезе повернуть ключ; увидеть движение запора и сопоставить конструкцию с музейной вещью.|R|Домашнее имущество
Кованая петля: тяжёлая дверь на двух опорах|Тяжёлая дверь держится на кованых петлях. Длинная металлическая полоса распределяет крепление — кузнечная работа остаётся в ежедневном движении створки.|На схеме перенести точку крепления; наблюдать наклон створки и узнать назначение длинной металлической полосы.|R|Кузнечное мастерство
Лавка у дома: место, где узнают новости|Лавка у дома собирает соседей. Простая скамья становится местом обмена новостями, когда люди задерживаются рядом и обращаются друг к другу.|На подписанном снимке отметить участников и направление взгляда; собрать короткую сцену только из документированных сведений.|R|Соседство
Семик: зелёные ветви в праздничном круге|Берёзовые ветви входят в семицкий обряд. Зелёный материал становится частью праздничного действия, порядок которого различается от места к месту.|Сопоставить музейное описание и изображение одного обряда; восстановить последовательность действий с ветвями.|semik-zelenye-svyatki/П|Народный календарь
Городецкий конь: движение, написанное кистью|Несколько изгибов кисти создают городецкого коня. Движение животного читается в силуэте ещё до появления мелких деталей нарядной росписи.|Выделить силуэт, затем добавить разрешённые для выбранного образца детали; сравнить собственный рисунок с работой мастера.|paint|Роспись
Мезенский ряд: ритм красного и чёрного|Красный и чёрный складываются в повторяющийся ряд. Мезенская роспись держит ритм узора: следующий элемент связан с уже написанными.|Найти повтор в орнаментальной полосе, продолжить ряд и открыть название элементов по музейному описанию.|paint|Роспись
Троица: дом встречает зелёное лето|На Троицу привычный дом получает зелёное убранство. Местный обычай делает праздник видимым внутри повседневного семейного пространства.|Наложить на схему дома подтверждённое для выбранного места убранство; открыть различие церковного праздника и местного обычая.|troica-den-svyatoj-troicy-pyatidesyatnica/П|Народный календарь
@06|Июнь|Детство, голоса и зелёное лето
Тряпичный мяч: игра начинается с того, что под рукой|Тряпичный мяч обходится без резины. Домашние материалы собираются в игрушку — игра начинается с умения придать форму тому, что под рукой.|Собрать условные слои мяча по выбранному музейному образцу; сравнить его форму и материалы с современным.|R|Детство
Земля-именинница: у труда бывает пауза|В народном представлении земля бывает именинницей. Отложенная работа в Духов день показывает обрядовую паузу внутри непрерывного сельского труда.|Выбрать действие из местного описания Духова дня; открыть его календарный и обрядовый контекст.|duhov-den-den-svyatogo-duha-zemlya-imeninnica/П|Народный календарь
Олёна-льняница: имя дня и будущая ткань|Имя Олёны-льняницы связывает посев с будущим полотном. Между летним полем и зимней рубахой лежит длинная цепь человеческой работы.|Соединить календарное имя с растением и конечной вещью; на ленте года увидеть длительность всего пути.|olna-lnyanica-den-svyatyh-konstantina-i-eleny/К|Народный календарь
Горелки: поймать момент, когда пара разбегается|В горелках пара разбегается, а водящему надо успеть отреагировать. Скорость работает вместе с вниманием к моменту начала движения.|Пройти один короткий раунд на схеме; после выбора получить разбор по выбранному варианту правил.|games|Подвижные игры
Лапта: успеть добежать и вернуться|В лапте удар открывает время для перебежки. Игрок соотносит свой старт с действиями соперников — командная игра требует общего расчёта.|Выбрать момент старта в условном игровом эпизоде; увидеть ответ команды соперников и объяснение решения.|games|Командная игра
Городки: пять чурок, множество фигур|Пять чурок складываются в разные фигуры городков. Материал остаётся прежним, но новое расположение меняет задачу для каждого броска.|Собрать две фигуры по музейной иллюстрации, наметить бросок и сравнить, какие части фигуры он затронет.|R|Игры
Салочки: маленькое изменение правил меняет игру|Граница площадки меняет игру в салочки. Договорённость участников становится действующим правилом, без которого один и тот же бег означает разное.|Передвинуть границу площадки на схеме и проиграть один эпизод; увидеть роль общего правила.|games|Детское сообщество
Считалка: выбрать водящего без спора|Считалка распределяет слоги между участниками и выбирает водящего. Ритм помогает группе начать игру с общего принятого порядка.|Проговорить выбранную записанную считалку по долям, распределить слоги между участниками и узнать её место записи.|games|Речь и игра
Самодельная кукла: костюм в ладони|Наряд самодельной куклы умещается в ладони. Игрушка способна сохранить детали взрослого местного костюма в масштабе детской игры.|Сопоставить музейную игровую куклу с одеждой той же местной традиции; найти три общие детали.|costume|Детство и костюм
Тимоня: ноги отвечают наигрышу|В Тимоне движение ног связано с наигрышем. Музыкальная опора становится телесным ритмом — услышанное продолжается в шаге танцующего.|Отметить опорные доли подписанного наигрыша; включить видео и сопоставить их с движением танцующих.|timonya|Музыка и движение
Карагод: круг не всегда движется одинаково|Карагод держится на согласованном движении людей. Общий круг складывается из отдельных шагов, которые участники соотносят друг с другом.|На схеме одной записанной пляски выбрать направление шага; увидеть согласованное движение группы.|timonya|Совместное участие
Плясовой ансамбль: инструменты разговаривают|Инструменты плясового ансамбля вступают в разное время. В общем звучании слышны ведущие и ответные движения музыкальной фразы.|На общей записи отметить вступления инструментов; отдельные партии включать только при наличии исходных дорожек.|timonya|Музыка
Фощеватово: песня сопровождает полотьё|В Фощеватове песня сопровождает полотьё. Напев сохраняет связь с конкретным сезонным делом, а не только с праздничным выступлением.|Сравнить подписанный сезонный припев с другим жанром той же традиции; отметить длину фраз и повтор.|fosh|Труд и песня
Лопатни: старые и новые песни в одном селе|В одном селе Лопатни живут песни разных слоёв репертуара. Соседство старого и нового показывает традицию, которая продолжает меняться.|Послушать два атрибутированных фрагмента разных слоёв репертуара; открыть время и обстоятельства записи.|lopatni|Живая традиция
Песни Осереди: длинная фраза держит слушателя|В песнях Осереди слово может закончиться раньше распева. Длинная музыкальная фраза раскрывает время, которое голос даёт одной строке.|Проследить текст и напев по общей ленте; отметить распев и услышать фразу повторно.|osered|Песенная культура
Скрипучее колесо колодца: поднять воду вместе|Рукоять колодезного ворота поднимает ведро из глубины. Поворот руки превращается в вертикальное движение тяжёлого запаса воды.|Повернуть условную рукоять и проследить движение ведра; сравнить устройство с выбранным документированным колодцем.|R|Хозяйство
Огородная гряда: еда начинается рядом с домом|Огород рядом с домом делят между разными культурами. За небольшими грядами стоит сезонный порядок ухода и будущего семейного стола.|По описанию конкретного хозяйства разложить культуры на схеме; получить сезонную карту ухода без агрономических нормативов.|food|Питание и труд
Репа: привычный овощ до картофельного стола|Репа возвращает знакомую сказку в хозяйственный мир. За большой сказочной работой стоит настоящий овощ и его место в домашней еде.|Сопоставить изображение растения с кухонным сюжетом; собрать путь от гряды к подаче по выбранному источнику.|food|Питание
Щавель и зелёный стол: сезон меняет обед|Сезонная зелень меняет состав обеда. Щавель показывает, как стол связан с появлением свежих растений, а не только с зимним запасом.|Сравнить два сезонных меню выбранной местности; подсветить свежие и заготовленные продукты.|food|Сезонная кухня
Рыболовный поплавок: маленькая вещь передаёт сигнал|Поплавок остаётся на поверхности и передаёт движение снасти. Маленькая вещь делает видимым то, что происходит под водой.|На условном разрезе изменить положение лески; связать движение поплавка с изменением натяжения.|R|Рыбная ловля
Фёдор Стратилат: наблюдать летнюю погоду|Народный календарь сохраняет наблюдения за летней погодой. Имя Фёдора Стратилата становится точкой сезонной памяти, а не гарантией прогноза.|Сопоставить народное наблюдение из музейного текста с фотографиями; отделить историческую примету от прогноза.|fdor-stratilat/К|Народный календарь
Рыбная мережа: вход легче выхода|У мережи вход устроен иначе, чем выход. Форма рыболовной снасти направляет движение — результат зависит от конструкции целого предмета.|Проследить условный путь внутри выбранной конструкции; открыть назначение входной воронки.|R|Рыбная ловля
Черпак в лодке: простая вещь для важного дела|Черпак убирает воду со дна лодки. Простая ручная вещь напоминает, что работа на воде включает постоянную заботу о самом судне.|Найти черпак среди вещей рыбака и показать его работу на условной схеме лодки.|R|Жизнь у воды
Окно с наличником: красота закрывает щель|Наличник украшает окно и закрывает стык. Красота резной детали соединена с устройством дома: узор занимает место конкретной строительной части.|Снять наличник со схемы, увидеть место стыка и вернуть его; приблизить резьбу выбранного образца.|R|Дом и мастерство
Ставни: у окна есть ещё одна одежда|Ставни дают окну дополнительное закрытие. Створки меняют вид фасада и повседневное обращение с границей между комнатой и улицей.|Переключить состояния выбранного окна; сравнить освещение и внешний рисунок фасада.|R|Дом
Акулина-гречишница: растение в имени дня|Гречиха вошла в народное имя Акулинина дня. Календарное название связывает растение с сезонным вниманием людей к будущему урожаю.|Сопоставить подписанные растения и семена; открыть народное имя дня и местный хозяйственный контекст.|akulina-grechishnica/К|Народный календарь
Гречневая крупа: маленькая трёхгранная форма|У гречневого зерна характерная трёхгранная форма. Знакомая крупа возвращает взгляд от тарелки к растению и обработке урожая.|Под лупой сравнить формы семян нескольких культур; собрать карточку будущего блюда.|food|Питание
Веерная кисть листьев: растительный узор в Жостово|Листья жостовской росписи собираются веерными движениями кисти. Растительный мотив держится на порядке мазков, а не на обводке готового контура.|Переместить главные цветы и листья на условном круге; сравнить равновесие со снимком мастерской работы.|paint|Роспись
Филимоновская свистулька: вытянутая глиняная фигура|Филимоновская свистулька вытягивает силуэт в глине. Местный почерк виден ещё до росписи — форму и звучание мастер создаёт вместе.|Сопоставить силуэты нескольких подписанных игрушек; выбрать характерную форму и рассмотреть её конструкцию.|craft|Игрушечное ремесло
Летнее письмо домой: новости помещаются на листе|Летние новости укладываются на одном листе. Домашнее письмо сохраняет личный голос человека, которому предстояло преодолеть расстояние словами.|На выбранном подлинном письме выделить приветствие, новости и просьбы; собрать краткую карту семейных связей.|R|Личная история
@07|Июль|Летний труд, вода и мастерство
Коса-горбуша: инструмент подсказывает движение|Изгиб косы-горбуши подсказывает движение косаря. Форма инструмента связана с работой тела, а не только с остротой металлического края.|Сопоставить музейную демонстрацию горбуши и другой косы; на схеме повторить траекторию, не предлагая тренировку с лезвием.|hay|Сенокос
Косовище: рукоять, которую подгоняют под человека|Косовище подгоняют под человека. Деревянная рукоять соединяет рост, хват и движение — удобство рождается из точного соответствия работнику.|На условной модели изменить положение хвата; сопоставить с движением демонстратора на записи.|hay|Сенокос
Брусок косаря: острота требует заботы|Брусок возвращает косе рабочую остроту. Покос требует заботы об инструменте: остановка для правки становится частью непрерывного труда.|Найти момент ухода за инструментом в музейном видео; связать его с последовательностью работы.|hay|Сенокос
Покос на неделю: что берут с собой|На долгий покос берут больше одной косы. Еда, одежда и рабочие вещи собирают повседневную жизнь там, где семье предстоит провести несколько дней.|Собрать по локальному описанию набор вещей для покоса; увидеть, кто и за что отвечает.|R|Сезонный труд
Сено на просушке: поспешность может испортить запас|Скошенная трава ещё не стала зимним запасом. Просушка требует времени и внимания — поспешность может перечеркнуть тяжёлую работу покоса.|Переставить стадии заготовки на условной ленте; открыть объяснение музейного демонстратора.|hay|Сенокос
Аграфена Купальница: банный обычай перед праздником|Банный обычай входит в день Аграфены Купальницы. Подготовка тела и домашние действия соединяются с местным порядком летнего праздника.|Рассмотреть принадлежности выбранного банного обычая; собрать последовательность только по локальному описанию.|agrafena-kupalnica-kupalwica/К|Народный календарь
Иван Купала: праздник и рассказ о чудесном цветке|Купальский рассказ обещает чудесный цветок. Предание открывает народное воображение и ожидание необычного, сохраняя отличие от ботанического факта.|Разнести фрагменты музейного рассказа по слоям: обряд, поверье, современная демонстрация; открыть пояснение каждого.|ivan-kupala-rozhdestvo-svyatogo-ioanna-krestitelya-ivanov-den/К|Предание и праздник
Семейный стол: кто кому приходится|За семейным столом видна сеть родства. Один человек оказывается для соседей сыном, супругом или дядей — связь зависит от точки отсчёта.|Построить схему родства по выбранному семейному свидетельству; подсветить связь каждого участника с рассказчиком.|vserossijskij-den-semi-lyubvi-i-vernosti/К|Семья
Сеновал: запас над хозяйственным двором|Сено хранят над хозяйственным двором. Запас занимает верхний ярус дома и связывает устройство постройки с годовым ритмом ухода за животными.|На схеме выбранного дома найти путь сена наверх; сопоставить хранение с устройством двора.|R|Дом и хозяйство
Летняя артель: большое дело делят на части|Артель делит большое дело между людьми. Общий результат складывается из разных ролей, согласованности действий и принятого порядка работы.|Распределить роли по документированному описанию совместной работы; увидеть, где возникает ожидание.|R|Взаимопомощь
Обед в поле: еда путешествует к работникам|Полевой обед должен добраться до работников. Сосуды и переноска становятся частью питания — домашняя еда получает собственный маршрут.|Собрать дорожный набор по музейному описанию; объяснить выбор вместительной и переносной посуды.|R|Труд и питание
Петров день: лето меняет ритм работ|Петров день отмечает перемену летнего хозяйственного ритма. Праздник включён в местный год работ, который не сводится к одной общей схеме.|Соединить дату с подтверждённой современной музейной демонстрацией; отдельно открыть историческое описание праздника.|petrov-den-den-apostolov-petra-i-pavla/К|Народный календарь
Вёсла: движение лодки зависит от согласия|Два весла должны работать согласованно. Направление лодки зависит от соотношения движений — совместное усилие требует общего ритма.|Задать ритм двум условным вёслам; увидеть поворот лодки и добиться прямого движения.|R|Жизнь у воды
Якорный камень: тяжесть удерживает лодку|Тяжёлый камень удерживает лодку через привязанную снасть. Природный материал получает новое назначение в продуманном рыбацком устройстве.|Рассмотреть выбранное грузило, показать крепление и проследить условную связь лодки с дном.|R|Рыбацкий быт
Ольга Семёнова: коллекция начинается со встречи|Коллекция Ольги Семёновой начинается со встреч с людьми и вещами. За музейным собранием стоит личная работа узнавания и сохранения.|Соединить место, собирательницу и описание коллекции; собрать паспорт одной подтверждённой записи.|collect|Люди музея
Полевой блокнот: записать то, что легко забыть|Полевой блокнот удерживает то, что легко забыть после встречи. Имя, место и обстоятельства записи помогают вещи сохранить человеческий контекст.|Заполнить карточку по выбранному документу: кто, где, когда и что сообщил; увидеть, каких сведений не хватает.|den-etnografa|Память и исследование
Рыбацкая игла: сеть требует починки|Рыбацкая игла проводит нить через ячейки сети. Починка возвращает снасти рабочую форму — добыча начинается с терпеливого ручного ремонта.|На увеличенной условной схеме провести нить через повреждённое место; сравнить восстановленную ячейку с соседними.|R|Ремонт и забота
Садок: улов остаётся в воде|Садок оставляет пойманную рыбу в воде. Устройство продолжает работу рыбака после ловли, удерживая улов в отдельном пространстве.|Сопоставить форму выбранного садка с его размещением у лодки; открыть музейное объяснение назначения.|R|Рыболовство
Дымарь: инструмент пасечника в работе|Дымарь входит в набор пасечника. Форма прибора и направленный выход дыма показывают, как инструмент подчинён конкретной работе с ульем.|На подписанной демонстрации найти инструмент и этап его применения; показать культурную практику без инструкции по работе с пчёлами.|R|Пчеловодство
Улей-колода: жильё пчёл в стволе|Ствол дерева становится ульем-колодой. Человек использует природную форму, превращая её в часть устроенного пчелиного хозяйства.|Повернуть модель выбранной колоды; найти леток и место доступа по музейному описанию.|R|Пчеловодство
Рамочный улей: деталь, которую можно вынуть|Рамку можно вынуть из улья отдельно. Съёмная деталь меняет доступ к внутреннему устройству — работа пасечника получает новую возможность.|Сопоставить схемы двух документированных типов ульев; вынуть условную рамку и увидеть различие устройства.|R|Изменения быта
Лыковая верёвка: прочность из тонких волокон|Тонкое лыко собирается в прочную верёвку. Скручивание связывает отдельные волокна: запас прочности рождается из их совместной работы.|Скрутить условные пряди на схеме и сравнить направление витков; привязать показ к выбранной ремесленной записи.|R|Материалы
Рогожа: грубое полотно тоже требует умения|Грубая рогожа тоже требует ткацкого умения. Польза прочного полотна держится на порядке переплетения, даже когда вещь не называют нарядной.|Найти документированные хозяйственные применения рогожи; сопоставить крупное переплетение с назначением.|R|Хозяйственные материалы
Хохломская ложка: золотой цвет без золотой заготовки|Хохломская ложка сияет золотым цветом, оставаясь деревянной. Отделка меняет вид материала — мастерство скрыто под знакомым праздничным блеском.|Переключать слои технологической схемы по описанию промысла; сравнить заготовку и готовую поверхность.|paint|Роспись
Гжельский мазок: один цвет, много оттенков|Один синий цвет даёт множество оттенков гжельского мазка. Нажим и движение кисти превращают ограниченную палитру в объёмный рисунок.|Провести условной кистью с разным нажимом; сравнить результат с увеличенным мазком мастера.|paint|Керамика
Дымковская барышня: круги превращаются в наряд|Круги и полосы становятся нарядом дымковской барышни. Простой элемент работает вместе с формой фигурки и ритмом всей росписи.|Составить ритм крупных пятен на условной фигуре; сравнить его с выбранной подписанной игрушкой.|craft|Игрушечное ремесло
Каргопольский Полкан: необычный герой из глины|Каргопольский Полкан соединяет необычные черты в глиняной фигуре. Местная игрушка хранит собственный образ героя, узнаваемый по силуэту.|Повернуть изображение выбранной игрушки; выделить части фигуры и открыть атрибуцию, не сочиняя древнего значения.|craft|Игрушка и образ
Полхов-Майдан: цветок на округлой поверхности|Цветок Полховского Майдана ложится на округлую поверхность. Роспись рассчитана на объём: рисунок продолжается за пределами одного взгляда.|Обернуть условный цветочный узор вокруг деревянной формы; сопоставить результат с работой выбранного мастера.|craft|Роспись
Семёновская матрёшка: размер подчиняет всю семью|Матрёшки должны войти одна в другую. Размер каждой фигурки связан с соседними — точность токарной работы удерживает расписную семью вместе.|Упорядочить условные половинки по размеру; увидеть роль толщины стенки и затем рассмотреть реальный набор.|craft|Деревянная игрушка
Берестяной шаркунок: звук спрятан внутри|Внутри берестяного шаркунка спрятан источник звука. Переплетённая оболочка превращает движение руки в слышимый ответ маленькой игрушки.|Сопоставить звук с условным разрезом; открыть материал наполнителя только по карточке выбранного образца.|R|Детство и звук
След ладони мастера: почему вещи немного различаются|Ручные вещи немного различаются даже в одном ряду. След инструмента и ладони сохраняет решения мастера, которые не повторяются совершенно одинаково.|Сравнить две атрибутированные работы одного промысла; отметить небольшие различия формы и сохранить собственную находку.|craft|Живое мастерство
@08|Август|Урожай, запасы и цена человеческого труда
Серп: жатва начинается с одной горсти стеблей|Серп работает с горстью стеблей, удержанной рукой. Жатва складывается из множества повторённых движений — урожай собирают в человеческом масштабе.|Проследить на музейной записи движение жницы; на условной схеме выделить рабочую часть серпа.|R|Жатва
Ильин день: лето в народном рассказе|Ильин день входит в народный рассказ о перемене лета. Календарная память соединяет праздник с сезонными наблюдениями, не превращая их в прогноз.|Сопоставить разные мотивы музейного описания; отделить хозяйственные наблюдения от поверий.|ilin-den/К|Народный календарь
Сноп: урожай получает переносную форму|Сноп придаёт срезанным стеблям переносную форму. Урожай становится отдельной связкой, которую можно поднять, поставить и перевезти.|Собрать условный сноп и выбрать место перевязи по документированной схеме; увидеть устойчивую форму.|R|Жатва
Перевясло: крепление из самого урожая|Перевясло делают из самого растительного материала. Часть урожая удерживает другую часть — простое крепление рождается прямо во время работы.|Рассмотреть местный способ перевязки снопа; повторить его на условных полосах и открыть термин.|R|Материалы и труд
Жнивная рубаха: одежда для тяжёлой поры|Жнивная рубаха принадлежит тяжёлой поре полевых работ. Крой и материал помогают увидеть связь одежды с движением и сезонной нагрузкой.|Сопоставить выбранную жатвенную рубаху с комплектом той же традиции; найти особенности по музейной подписи.|R|Труд и одежда
Дети в поле: семейный труд имеет много ролей|В семейной работе на поле было несколько ролей. Детское участие требует увидеть конкретное занятие, а не переносить взрослый труд на всех одинаково.|На документированном описании полевого дня восстановить роли членов семьи; не добавлять вымышленных биографий.|R|Семья и труд
Последние колосья: что оставляют на поле|Последние колосья могли оставлять для обрядового действия. Завершение жатвы получало местный смысл, который не сводится к уборке остатка урожая.|По сцене РЭМ восстановить действия обряда «бородки»; открыть его как историческое поверье конкретного описания.|R|Обряды урожая
Цеп: зерно отделяется ударами|Цеп отделяет зерно ударами по снопам. Подвижное соединение деревянных частей превращает замах человека в работу другого конца орудия.|Привести в движение условную схему цепа; увидеть назначение соединения и сопоставить с музейной демонстрацией.|R|Обмолот
Ток: рабочая площадка для урожая|Ток — отдельная площадка для работы с урожаем. Расположение снопов и действий показывает, что обмолоту нужен организованный простор.|Разместить операции обмолота на схеме выбранного хозяйства; проследить путь зерна и соломы.|R|Хозяйство
Овин: снопы готовят к обмолоту|В овине снопы готовят к обмолоту. Урожай проходит дополнительный этап обработки, прежде чем зерно отделят от стеблей.|Рассмотреть документированную схему овина; связать зоны сушки и размещения снопов без инструкций по топке.|R|Хозяйственные постройки
Веялка: воздух помогает разделить урожай|Воздух помогает отделить зерно от лёгких примесей. Веялка использует различие материала — невидимый поток становится рабочей силой.|Запустить условный поток над смесью зерна и мякины; сравнить траектории и открыть историческое приспособление.|R|Обработка урожая
Сусек: запасу нужно своё место|В сусеке зерну отводят отдельное место. Домашний запас требует границ и порядка, чтобы результат одного сезона служил семье дальше.|На схеме выбранного амбара найти отдельные закрома; распределить культуры и объяснить роль разделения.|R|Запасы
Медовый сот: природный порядок в хозяйстве|Медовый сот приносит природную структуру в хозяйство человека. Пасечный труд начинается с внимания к тому, что создают сами пчёлы.|Под лупой рассмотреть подписанный сот и пасечную принадлежность; связать их с музейным рассказом о пчеловодстве.|R|Пчеловодство
Медовый Спас: продукт становится праздничным даром|На Медовый Спас продукт пасеки становится праздничным даром. Работа с пчёлами входит в годовой круг встреч, угощения и благодарности.|Сопоставить пасечную работу и описание праздника; выделить подтверждённые обрядовые действия.|pervyj-spas-medovyj/К|Народный календарь
Воск: второй дар пасеки|Пасека даёт не только мёд, но и воск. Один хозяйственный мир снабжает человека разными материалами, каждому из которых находится своё применение.|Соединить образец воска с документированными бытовыми применениями; показать путь к одной выбранной вещи.|R|Материал и быт
Мочёные яблоки: урожай меняет вкус во времени|Мочёные яблоки меняют вкус во время хранения. Заготовка превращает летний плод в другой опыт домашней еды, доступный после сбора урожая.|На историческом описании разложить этапы заготовки; показать культурный способ хранения без современных пищевых рекомендаций.|food|Заготовки
Сушёные грибы: лесной урожай становится лёгким|При сушке грибы становятся легче и занимают меньше места. Лесной сбор получает форму запаса — результат сохраняют отдельной домашней работой.|Сопоставить изображения до и после, подобрать историческую тару по источнику; открыть место грибов в питании.|food|Лес и кухня
Ягодное лукошко: бережно донести хрупкий сбор|Ягодное лукошко должно донести хрупкий сбор. Плетёная форма рассчитана на содержимое: труд собирателя продолжается дорогой домой.|Сравнить два выбранных образца тары; на условной схеме показать размещение хрупкого груза.|R|Собирательство
Яблочный Спас: первые плоды в праздничной истории|Яблочный Спас связывает плоды с праздничной историей. Сезонный урожай появляется в угощении и обычае конкретного местного сообщества.|Развернуть музейное описание на три связанных сюжета; выбрать один местный обычай для подробного показа.|preobrazhenie-vtoroj-yablochnyj-spas/К|Народный календарь
Кисель: старое блюдо и знакомое новое слово|Знакомое слово «кисель» хранит историю другого блюда. Сравнение старого и нового стола показывает, как название переживает перемены приготовления.|Сопоставить два документированных описания разных эпох; отметить исходный продукт и консистенцию.|food|История питания
Толокно: зерно, прошедшее долгую подготовку|Толокно — результат нескольких этапов подготовки зерна. За простой домашней пищей скрыто время работы, которого не видно в готовой порции.|Собрать технологическую цепочку по выбранному историческому описанию; показать, на каком этапе меняется продукт.|food|История питания
Квасник: сосуд с характерным просветом|Просвет в кваснике делает сосуд узнаваемым. Необычная форма предлагает рассмотреть устройство бытовой вещи со всех сторон, а не только спереди.|Повернуть выбранный сосуд, найти ручку, носик и отверстие корпуса; назначение деталей раскрыть по карточке.|craft|Посуда
Сбитенник: горячий напиток на улице|Сбитенник связан с горячим напитком и уличным угощением. Специальный сосуд выводит домашнее тепло в пространство городской встречи.|На схеме выбранного медного сосуда проследить путь жидкости; сопоставить вещь с описанием торговли.|R|Городская еда
Постный и скоромный стол: календарь меняет набор продуктов|Постный и скоромный стол различаются набором продуктов. Годовой календарь меняет повседневный выбор еды, не меняя саму потребность накормить семью.|Собрать два меню из документированных примеров; открыть историческое основание различий.|food|Питание и календарь
Хлебная лопата: длинная рукоять для глубокой печи|Длинная хлебная лопата достигает глубины печи. Расстояние между руками и жаром превращено в размер простого деревянного инструмента.|На условном разрезе печи провести лопату к поду; сопоставить длину и форму с музейной вещью.|R|Домашний хлеб
Посевное зерно: часть урожая нельзя съесть|Часть зерна оставляют для нового посева. Урожай одновременно кормит сегодня и сохраняет возможность следующего года — весь запас съесть нельзя.|В условном хозяйственном примере отделить посевной фонд от еды и обмена; увидеть смысл распределения без вымышленных норм.|R|Хозяйственное решение
Лён на мочиле: материал меняется до прядения|Лён меняется на мочиле ещё до прядения. Будущая нить начинается с обработки стебля, когда ткань пока невозможно увидеть в материале.|На документированной схеме расставить стадии подготовки стебля; увидеть, где начинается отделение волокна.|R|Обработка льна
Успение: завершение лета в народном календаре|Успение входит в народную память о завершении лета. Праздник встречается с хозяйственным сезоном, но местный порядок работ требует отдельного рассказа.|Сопоставить церковное название и хозяйственные мотивы музейного описания; выбрать локальную историю.|uspenie-bogorodicy/К|Народный календарь
Ореховый, Хлебный, Холщовый: три имени одного Спаса|Ореховый, Хлебный и Холщовый — имена одного Спаса. Разные названия сохраняют несколько хозяйственных связей внутри общей праздничной даты.|Связать три названия с продуктом или материалом; открыть объяснение и различия местных обычаев.|tretij-spas-holwovyj-orehovyj/К|Народный календарь
Соломенная подстилка: у урожая нет одной полезной части|Солома служит подстилкой после того, как зерно убрано. У урожая оказывается больше одной полезной части — хозяйство продолжает использовать растение.|По описанию хозяйства распределить зерно, мякину и солому между применениями; собрать карту бережного использования.|R|Хозяйство
Флор и Лавр: день заботы о лошади|День Флора и Лавра связан с заботой о лошадях. Праздничное внимание обращено к животному, чья сила участвовала в ежедневном человеческом труде.|Связать музейное описание праздника с конским снаряжением; показать выбранный обычай без переноса обрядов других народов.|den-pamyati-svyatyh-flora-i-lavra/К|Народный календарь
@09|Сентябрь|Учение, торговля и осенний дом
Первый школьный ранец: учёба становится дорогой|Первый ранец собирает школьные вещи в дорожный набор. Учёба становится ежедневным выходом из дома — новый порядок жизни виден в одном предмете.|Собрать набор по выбранной школьной фотографии; раскрыть назначение каждой подписанной вещи.|R|Детство и учение
Перьевая ручка: строка зависит от движения|Перьевая ручка оставляет строку по движению руки. Нажим и направление становятся частью письма: инструмент требует освоенного телесного навыка.|Провести условный штрих с разным нажимом; сравнить его с выбранной ученической работой.|R|Грамотность
Пропись: много одинаковых букв ради собственного почерка|Одинаковые буквы в прописи готовят собственный почерк. Повторение даёт руке уверенность, прежде чем запись начнёт отличаться личным движением.|Сопоставить учебный образец и страницу ученика; найти удачные соединения и заметные исправления.|R|Учение
Промокательная бумага: помощница мокрой строки|Промокательная бумага помогает ещё мокрой строке. Маленькая школьная принадлежность хранит способ письма, которому требовалось время на высыхание.|На схеме письма выбрать момент промокания; открыть бытовую функцию выбранного школьного предмета.|R|Учение
Счёты: число видно по положению косточек|На счётах число видно по положению косточек. Движение пальцев меняет запись и расчёт — абстрактное количество получает материальную форму.|Выполнить одну операцию на условных счётах; открыть соответствие разрядов цифрам.|R|Торговля и счёт
Гиря с клеймом: доверие к маленькому грузу|Клеймо на гире связано с доверием к мере. Маленький груз участвует в сделке, где покупателю и продавцу важно одинаково понимать вес.|Найти отметки на выбранном образце; отделить прочитанные знаки от неустановленных.|R|Торговля
Безмен: вес на одной подвеске|Безмен взвешивает груз на подвеске. Компактное устройство переводит тяжесть вещи в положение, по которому человек узнаёт меру.|Переместить условный груз до равновесия; сопоставить принцип с музейным безменом.|R|Торговля
Аршин: ткань продают длиной|Аршином отмеряют ткань для продажи. Будущий наряд начинается с длины полотна — привычная мера связывает торговлю с работой портного.|Отмерить условный отрез по выбранной исторической мерке; сопоставить её с современной линейкой после проверки величины.|R|Торговля
Ярмарочный ряд: покупки складываются в маршрут|Ярмарочные покупки складываются в путь между рядами. Торговое пространство организует встречу разных нужд, товаров и человеческих занятий.|По плану выбранной ярмарки составить путь за тремя товарами; открыть специализацию рядов.|R|Торговля
Товарная этикетка: упаковка обещает качество|Товарная этикетка обещает качество до открытия упаковки. Надпись и рисунок показывают, как производитель обращается к незнакомому покупателю.|Рассмотреть подлинную этикетку; выделить производителя, место и рекламное обещание.|R|Городская культура
Жестяная коробка: покупка получает вторую жизнь|Жестяная коробка остаётся после покупки. Упаковка получает вторую домашнюю жизнь — её содержимое меняется, а след прежнего товара сохраняется.|Сопоставить товарную функцию коробки и документированное домашнее применение; сохранить две подписи к одной вещи.|R|Домашняя бережливость
Копилка: маленькие деньги превращаются в план|Копилка собирает небольшие суммы в общий запас. Отдельная монета становится частью будущего решения, которое ещё нельзя оплатить сегодня.|На условном примере собрать сумму по частям; затем рассмотреть форму выбранной исторической копилки.|R|Повседневные решения
Домашняя тетрадь расходов: хозяйство становится записью|Домашние расходы попадают в тетрадь. Запись делает хозяйство обозримым: деньги связываются с датами, покупками и памятью о сделанном выборе.|Разнести реальные записи выбранного документа по расходам; увидеть структуру бюджета без вымышленных сумм.|R|Семейный документ
Семёнов день: осень встречают особым порядком|Семёнов день отмечают особым местным порядком. Встреча осени получает человеческую форму через действия, которые повторяются в годовом круге.|На ленте сопоставить историческое новолетие и местные осенины; даты старого и нового стиля показать отдельно.|semenov-den/К|Народный календарь
Новая лучина: свет как начало вечерних работ|Новая лучина даёт свет для вечерней работы. С наступлением длинных вечеров домашнее ремесло зависит от маленького, постоянно сменяемого огня.|Сравнить летний и осенний день по локальному описанию; выбрать занятия, требующие освещения.|semenov-den|Сезонный быт
Погреб: прохлада становится частью дома|Погреб использует прохладу как часть домашнего устройства. Место хранения помогает урожаю пережить сезон, когда свежий сбор уже закончился.|На документированном разрезе найти место хранения; связать устройство с хозяйственным назначением.|R|Запасы
Кадка для капусты: запас собирают слоями|Капустный запас укладывают в кадку слоями. Большая ёмкость собирает множество малых действий — за зимней порцией стоит общая работа заготовки.|По историческому описанию сопоставить тару и объём совместной работы; показать этапы как музейный рассказ.|food|Заготовки
Сечка: капусту рубят особым орудием|Сечка рубит капусту особым лезвием. Назначение инструмента видно в его движении: знакомый продукт требует собственной организации работы.|Показать условную траекторию сечки над корытом; сравнить с формой выбранного музейного образца.|R|Домашний труд
Квашня и закваска: живое ожидание хлеба|В квашне тесто оставляют подниматься. Хлеб требует не только движения рук, но и ожидания — домашний труд умеет вовремя остановиться.|Собрать стадии выбранного исторического способа выпечки; отличить время действий от времени ожидания.|food|Питание
Солёные огурцы: летний огород в осеннем запасе|Солёные огурцы переносят летний огород в холодный сезон. Заготовка меняет вкус продукта и продлевает путь урожая до семейного стола.|Сопоставить календарь сбора и хранения в выбранном источнике; раскрыть роль исторической тары.|food|Заготовки
Коромысельные серьги: название подсказывает форму|Коромысельные серьги напоминают знакомое орудие формой. Бытовое сравнение помогает прочитать устройство украшения, которое носили совсем иначе.|Сравнить силуэт выбранных серёг с названием из карточки; прочие значения не додумывать.|collect|Украшения
Накосник и лента: подарок вплетается в причёску|Лента и накосник входят в причёску как подарок. Личная вещь соединяет украшение волос с памятью о человеке, который её преподнёс.|По документированной истории выбранного украшения соединить дарителя, получательницу и способ ношения.|collect|Личный подарок
Сундук невесты: запас труда перед новой жизнью|Сундук невесты собирает вещи, подготовленные к новой жизни. За наполнением стоит запас семейного труда, который нельзя измерить одним размером сундука.|Открыть опись выбранного приданого; распределить вещи по назначению и увидеть объём подготовленного труда.|weddings|Семья
Приданое на виду: вещи рассказывают о мастерстве|Приданое выставляют на обозрение. Ткань, швы и отделка делают мастерство видимым другим людям — домашний труд получает общественную оценку.|Восстановить по локальному описанию порядок показа вещей; выделить предметы ручной работы.|weddings|Семейные обычаи
Осенний наём: работа выводит человека из деревни|Осенний наём выводит работника за пределы деревни. Дорога связывает семейное хозяйство с чужой работой и новым порядком повседневной жизни.|На документированной биографии провести путь от дома к месту работы; отметить возвращение и принесённые навыки.|R|Труд и перемещения
Фотография в ателье: человек выбирает свой образ|В фотоателье человек выбирает, как предстать перед камерой. Костюм, поза и обстановка превращают снимок в подготовленное личное представление.|На подписанном снимке отметить позу, фон и одежду; отделить наблюдение от догадки о характере.|R|Город и память
Воздвижение: капустные хлопоты в имени праздника|В народном описании Воздвижения появляются капустные хлопоты. Праздничное имя встречается с сезонной заготовкой семейного стола.|Соединить названия «Капустки» и «Капустницы» с музейным описанием; раскрыть выбранный местный обычай.|vozdvizhenie/К|Народный календарь
Семейный фотоальбом: подпись спасает имя|Подпись в альбоме сохраняет имя рядом с лицом. Несколько слов могут удержать связь поколений, которую само изображение уже не объясняет.|Сравнить снимок с подписью и без неё; заполнить карточку только установленными сведениями.|R|Семейная память
Почтовый конверт: адрес рисует путь|Почтовый адрес превращает конверт в маршрут. Имя получателя и название места помогают личному письму пройти через незнакомые руки.|Прочитать адрес и штемпели выбранного конверта; нанести подтверждённые пункты на карту.|R|Связь и расстояние
Осенний ремонт одежды: вещь получает ещё сезон|Осенняя починка даёт одежде ещё один сезон. След ремонта показывает заботу о вещи и умение продолжить её службу вместо немедленной замены.|Приблизить след ремонта на выбранном костюме; сопоставить материал заплаты и основной ткани.|costume|Бережливость
@10|Октябрь|Свадьба, родство и устройство нового дома
Сватовство в двух шагах: договориться не сразу|Сватовство не обязательно заканчивается первым визитом. Свадебная договорённость складывается по местному порядку, соединяя несколько действий и встреч.|По белгородскому описанию расставить два этапа; открыть участников и предмет разговора каждого.|wedding|Свадьба
Смотр дома: брак связывает два хозяйства|Перед браком знакомятся с другим хозяйством. Смотр дома показывает, что новая семейная связь касается повседневного устройства жизни.|По выбранному локальному описанию составить маршрут знакомства с хозяйством; показывать только подтверждённые действия.|weddings|Свадьба
Рукобитье: соглашение становится видимым|Рукобитье делает договорённость видимой. Жест становится частью местного свадебного порядка, по которому окружающие узнают о принятом решении.|Найти жест и участников в конкретном описании; связать его с местом в свадебной последовательности.|weddings|Свадьба
Свадебные роли: дружка, сваха, подруги|Дружка, сваха и подруги выполняют разные свадебные роли. Общий праздник держится на людях, которым поручены конкретные действия.|Распределить действия между персонажами по одному локальному источнику; открыть объяснение каждой роли.|weddings|Свадьба
Свадебное приглашение: известие идёт по селу|Приглашение разносит свадебную новость по селу. Будущая встреча начинается раньше застолья — с личного обращения и принятого способа звать гостей.|Восстановить подтверждённый путь приглашения; увидеть круг людей, которых объединяет праздник.|weddings|Соседство
Девичник: последнее собрание в прежнем кругу|Девичник собирает прежний круг перед переменой. Праздничная встреча сохраняет момент, когда отношения подруг получают новое продолжение.|Сопоставить последовательность действий и песню выбранной традиции; выделить момент прощания.|weddings|Свадьба
Невестина коса: причёска обозначает переход|Невестина причёска меняется в ходе свадьбы. Волосы становятся видимым знаком перехода, который местная традиция оформляет определёнными действиями.|По локальной записи сопоставить два состояния причёски; показать участников изменения и их действия.|weddings|Одежда и обряд
Свадебное причитание: печаль внутри праздника|Свадебное причитание допускает печаль внутри праздника. Голос выражает переживание перемены, не отменяя радости общего события.|Проследить текст выбранной записи; выделить обращение и прощание, не превращая голос в конкурс веселья.|weddings|Речь и чувство
Причитание и песня: два способа говорить|Причитание и песня по-разному организуют речь. В свадебной записи слышно, как человеческое переживание получает разные музыкальные формы.|Сравнить два коротких атрибутированных фрагмента одной традиции; отметить свободное и повторяющееся движение фразы.|weddings|Музыкальная культура
Свадебное деревце: предмет собирает действия|Свадебное деревце собирает вокруг себя действия участников. Небольшой предмет становится опорой местного обряда и последовательности встречи.|По выбранному локальному источнику проследить, кто украшает, несёт и получает предмет.|weddings|Обрядовый предмет
Лента невесты: знак прежнего девичества|Лента невесты связана с прежним девичеством. Передача или смена украшения превращает личную вещь в знак перемены семейного положения.|Рассмотреть подтверждённый образец или описание; восстановить его путь в одном свадебном обряде.|weddings|Свадебная вещь
Свадебный каравай: еда становится общим действием|Каравай включён в общее свадебное действие. Праздничная еда получает смысл через приготовление, встречу и участие конкретных людей.|По местному описанию распределить роли и этапы; сопоставить форму хлеба с его обрядовым использованием.|weddings|Свадебная трапеза
Каравайная песня: работа получает свой голос|Каравайная песня сопровождает работу рук. Приготовление свадебного хлеба соединяет общий голос с последовательностью домашнего дела.|Соединить фрагмент записанной песни с конкретным этапом обряда; показать подпись исполнителей.|weddings|Песня и действие
Покров: осень открывает свадебные ожидания|Покров входит в народные свадебные ожидания осени. Праздничная дата хранит сезонную связь семейных надежд с завершением части хозяйственных работ.|Выделить в музейном описании церковное и народное содержание; открыть одну локальную свадебную примету как поверье.|pokrov-bogorodicy/К|Народный календарь
Свадебный поезд: деревня видит переход|Свадебный поезд делает переход видимым для деревни. Движение между домами связывает личное семейное событие с пространством всего поселения.|Проложить подтверждённый маршрут по схеме поселения; раскрыть действия на каждой остановке.|weddings|Свадебная дорога
Хлеб-соль при встрече: принять человека в дом|Хлебом и солью встречают входящих в дом. Привычные продукты становятся частью принятия человека и открытого обращения хозяев к гостю.|По локальному описанию сопоставить предметы, жесты и слова встречи; указать, что именно подтверждено.|weddings|Гостеприимство
Свадебный головной убор: прежний наряд меняет статус|Свадебный убор меняет прежний вид невесты. Слои одежды оформляют переход, который окружающие считывают по местным правилам костюма.|Собрать новый комплект по музейному образцу той же традиции; сравнить с девичьим.|costume|Костюм и семья
Красный угол: где собирается важное|В красном углу собираются значимые домашние предметы. Порядок комнаты выделяет место, к которому обращаются в важных семейных обстоятельствах.|На схеме выбранного русского интерьера найти красный угол; открыть его документированное бытовое и обрядовое значение.|R|Дом
Место за столом: порядок виден в рассадке|Рассадка делает отношения видимыми за столом. Место гостя связано с местным порядком встречи — близость к другому человеку не случайна.|Рассадить участников по конкретному свадебному описанию; получить комментарий о местном порядке.|weddings|Семейные отношения
Величальная песня: назвать достоинства человека|Величальная песня называет достоинства человека. Праздничный голос обращает внимание собрания на того, кому адресованы слова.|В выбранной записи выделить адресата и образы похвалы; связать текст с местом исполнения.|wedding|Песня
Корильная песня: шутка имеет свои границы|Корильная песня включает шутку в свадебное общение. Её смысл зависит от ситуации и границ, которые признают участники конкретной традиции.|Прочитать короткий атрибутированный фрагмент с объяснением ситуации; различить обрядовую роль и личную оценку.|wedding|Юмор и общение
Отдаривание: подарок получает ответ|На свадебный дар отвечают отдариванием. Вещь проходит между людьми и поддерживает связь, которая не исчерпывается одной передачей подарка.|По локальной описи построить цепочку дарителей и получателей; не добавлять универсальных свадебных норм.|weddings|Родство
Свекровь, тёща, зять: новые слова после свадьбы|После свадьбы появляются новые названия родства. Свекровь, тёща и зять обозначают разные связи внутри расширившегося семейного круга.|Переключать точку зрения на семейной схеме; получать название родственной связи.|weddings|Родство и речь
Первое утро в новом доме|Первое утро в новом доме продолжает свадебную перемену. За торжественным переходом начинается знакомство с повседневным порядком другой семьи.|По документированному описанию восстановить один утренний эпизод; показать пространство и участников.|weddings|Семейный переход
Большебыково: у свадьбы есть местный порядок|В Большебыкове свадьба имеет свой порядок. Местная запись сохраняет конкретные роли и действия, которые нельзя автоматически приписать всем русским сёлам.|Открыть карточку этой традиции, отметить её место и сопоставить этапы с другой отдельно подписанной традицией.|weddings|Белгородчина
Томское Приобье: русская свадьба вдали от прежней родины|Русская свадьба Томского Приобья живёт вдали от прежней родины. Запись позволяет увидеть местное продолжение семейной традиции в новом окружении.|На карте связать место записи с выбранным свадебным материалом; особенности раскрывать по карточке старожилов.|weddings|Русские Сибири
Кеба: северная свадьба в голосах села|Северная свадьба Кебы сохраняется в голосах села. Имена исполнителей и обстоятельства записи возвращают обряду конкретное человеческое место.|Выбрать атрибутированный фрагмент кебской традиции; следить за голосом и подписью участницы.|keba|Русский Север
Локня и Ловать: свадьба на карте речных мест|Локня и Ловать задают географию свадебных записей. Речная карта помогает различать местные варианты вместо одной собирательной церемонии.|На карте отметить места выбранных записей; показать общие и различающиеся элементы без смешения обрядов.|weddings|Псковские традиции
Сланцевский район: семейный обряд сохраняется в записи|Запись из Сланцевского района удерживает семейный обряд во времени. Слышимый голос связывает исследование традиции с конкретным исполнителем.|Сопоставить полевое описание и сохранившиеся песни; отметить документированные и утраченные части.|weddings|Память о традиции
Городское свадебное фото: новый язык старого события|Городское свадебное фото выбирает новые позы и декорации. Семейное событие получает другой визуальный язык, сохраняя желание оставить память о встрече.|Сравнить два подписанных свадебных снимка разных поколений одной семьи; отметить видимые изменения.|R|Городская семья
Семейная история без придуманного диалога|Семейная история складывается из снимков, подписей и свидетельств. Отсутствующий разговор остаётся неизвестным — память сильнее без выдуманной цитаты.|Собрать рассказ из фото, вещи и свидетельства; пометить установленные факты и семейное предание.|R|Семейная память
@11|Ноябрь|Мастерские, вечерняя работа и красота вещей
Федоскинская шкатулка: бумага становится прочной вещью|Бумага становится прочной федоскинской шкатулкой. Под живописью скрыта работа с основой — привычный материал получает неожиданную долговечную форму.|Собрать условные стадии папье-маше по описанию промысла; сравнить основу и готовую вещь.|paint|Лаковая миниатюра
Федоскинский свет: блеск под живописью|Блеск под федоскинской живописью меняет вид изображения. Свет проходит через художественные слои и становится частью мастерского замысла.|Переключать условные слои выбранной техники; сопоставить отражение света с музейным образцом.|paint|Мастерство
Палехская миниатюра: большая история на маленькой крышке|На маленькой палехской крышке помещается большой сюжет. Масштаб миниатюры требует точности, чтобы фигуры и события оставались различимыми.|На выбранной миниатюре найти фигуры и путь взгляда; собрать карту рассказа, не копируя живопись целиком.|paint|Вещь и рассказ
Холуйская миниатюра: местная школа общего ремесла|Холуйская миниатюра сохраняет почерк местной школы. Общий вид ремесла не стирает различий в том, как мастера строят изображение.|Сопоставить подписанные работы Холуя и Палеха; отметить наблюдаемые различия, не выводя правила по одному предмету.|craft|Ремесленные центры
Мстёрская миниатюра: пейзаж вокруг действия|Мстёрский пейзаж окружает действие миниатюры. Маленькая поверхность вмещает пространство, в котором фигуры получают своё место и направление движения.|Разделить выбранное изображение на планы; вернуть фигуры в среду и сравнить восприятие.|craft|Ремесло
Ростовская финифть: цвет выдерживает огонь|Цвет ростовской финифти проходит через обжиг. Изображение возникает не одним движением кисти — огонь участвует в работе мастера.|Разложить по порядку этапы эмалевой работы из описания промысла; открыть готовый предмет под лупой.|craft|Эмаль
Скань: узор из металлической нити|Металлическая нить складывается в ажурную скань. Твёрдый материал выглядит лёгким благодаря изгибам, соединениям и оставленным просветам.|Проследить линию проволоки на выбранном изделии; собрать условный элемент из простых изгибов.|craft|Металл
Дмитриев день: память собирает родных|Память о родных собирает людей вместе. Обычай Дмитриева дня возвращает внимание к семейной связи, которая продолжается за пределами одной жизни.|По музейному описанию найти формы поминовения; отдельно показать Дмитриев день и подвижную поминальную субботу.|dmitriev-den/К|Память и календарь
Великоустюжская чернь: чёрный рисунок на серебре|Великоустюжская чернь создаёт тёмный рисунок на серебре. Различие поверхностей помогает прочитать тонкую работу на небольшой металлической вещи.|Сравнить выбранный предмет до условного выделения рисунка и после; открыть название техники.|craft|Металл
Параскева Пятница: покровительство женским занятиям|Образ Параскевы Пятницы связан с женскими занятиями в народной традиции. Почитание получает местное выражение в отношении к труду и его ритму.|Соединить музейное описание с конкретным занятием; запреты и поверья показывать как исторические представления.|sukkot1/К|Народный календарь
Торжокское золотное шитьё: блеск ложится стежками|Блестящая нить торжокского шитья удерживается на ткани стежками. Под нарядной поверхностью находится точный порядок закрепления материала.|На увеличенной схеме выбранного приёма проследить крепление; затем найти его на музейной работе.|craft|Шитьё
Крестецкая строчка: узор появляется в просветах|В крестецкой строчке часть нитей убирают ради узора. Просветы становятся рисунком, а оставшиеся соединения удерживают ткань целой.|На условной сетке выделить нити основы и рисунка; сравнить с подписанным образцом строчки.|craft|Текстиль
Елецкое кружево: мелкая сетка держит рисунок|Мелкая сетка елецкого кружева связывает крупные мотивы. Воздушный рисунок держится на деталях, которые легко пропустить при первом взгляде.|Приблизить выбранную работу, найти связки между мотивами и проследить один участок.|craft|Кружево
Кузьминки: праздник ремесла и молодёжного общения|Кузьминки соединяют ремесленный труд с молодёжным общением. Праздничный день открывает другой порядок встречи внутри сезона вечерней работы.|В музейном описании выделить выбранный русский обычай; собрать его участников и последовательность.|kuz-minki/К|Народный календарь
Кружево «Трактор»: техника принимает новый сюжет|Трактор появляется внутри кружевного узора. Народная техника принимает машинный сюжет — традиционное ремесло рассказывает о новой эпохе.|Найти трактор внутри орнамента музейного края; сравнить технический силуэт и кружевное решение.|lace-tractor|Традиция XX века
Павловопосадский платок: букет виден даже в складках|Букет павловопосадского платка остаётся виден в складках. Композиция рассчитана на ношение: квадрат ткани работает в объёмном движении.|Сложить условный квадрат тремя способами; увидеть, какие части композиции остаются на виду.|craft|Текстиль
Оренбургский пуховый платок: тепло в тонкой нити|Тонкая пуховая нить собирается в оренбургский платок. Лёгкость вещи связана с материалом и вязанием, которые можно рассмотреть вблизи.|Под лупой сравнить пряжу и рисунок выбранного платка; документированные испытания показывать отдельно от легенд.|craft|Текстиль
Каслинское литьё: металл передаёт мелкую форму|Каслинское литьё передаёт тонкие детали в тяжёлом металле. Видимая лёгкость формы требует точной работы на разных этапах изготовления.|Повернуть выбранную бытовую отливку; найти тонкие элементы и открыть этапы формы и литья по источнику.|craft|Металл
Тагильский поднос: металл становится цветочным полем|Тёмный тагильский поднос становится цветочным полем. Роспись меняет восприятие металла, сохраняя форму вещи для повседневного использования.|Наложить условную композицию на разные фоны; сравнить с атрибутированным подносом.|craft|Роспись
Шемогодская береста: узор прорезан насквозь|Шемогодский узор прорезан в бересте насквозь. Тонкие перемычки удерживают ажур целым — красота зависит от сохранённой прочности материала.|На условном фрагменте выделить перемычки; сопоставить их с выбранным резным изделием.|craft|Береста
Вятский кап: дерево уже принесло свой рисунок|Вятский кап приносит природный рисунок ещё до обработки. Мастер выбирает форму, в которой выросшая структура дерева становится видимой.|Сопоставить заготовку и вещь; выделить природный рисунок и обработанную форму.|craft|Дерево
Холмогорская резьба по кости: маленькие просветы|Холмогорская резьба складывает ажур из маленьких просветов. Отдельная костяная деталь требует точного соединения с остальными частями вещи.|Увеличить выбранный образец; проследить границы вставки и способ её соединения с основой.|craft|Косторезное ремесло
Тобольская костяная миниатюра: жест в малом масштабе|Тобольская миниатюра передаёт занятие человека в малом масштабе. Жест и рабочий предмет помогают прочитать сцену без длинного пояснения.|Рассмотреть подписанную бытовую сцену с разных сторон; найти предмет, объясняющий действие.|craft|Мастерство
Абрамцево-кудринская резьба: листья выходят из поверхности|Листья кудринской резьбы выступают над поверхностью дерева. Округлый рельеф меняет свет и тень, когда взгляд смещается вокруг вещи.|Передвинуть условный источник света над цифровым образцом; сравнить рельеф и плоский контур.|craft|Дерево
Дулёвская чашка: повседневная вещь несёт роспись|Роспись дулёвской чашки учитывает ручку и край. Цветок попадает на предмет, которым пользуются, — художественная композиция встречается с формой посуды.|Разместить условный цветок на форме чашки; сопоставить с выбранным подписанным изделием.|craft|Фарфор
Скопинский сосуд: гончарная форма становится затейливой|Скопинский сосуд соединяет ёмкость с фигурным декором. Среди затейливых деталей остаются горло, ручка и рабочее устройство посуды.|Повернуть музейный образец; найти горло, ручку и декоративные части, прочитать их описание.|craft|Керамика
Судогодская игрушка: местный почерк в маленькой вещи|Судогодская игрушка сохраняет местный почерк в маленькой форме. Сравнение близких вещей помогает заметить отличия, которые теряются за общим словом «промысел».|Сравнить подписанные местные образцы с другим центром; выделить только наблюдаемые отличия.|sudogda|Региональное ремесло
Подпись мастера: увидеть человека за узором|Подпись возвращает узору имя мастера. Народное ремесло состоит из труда конкретных людей — знакомый рисунок не возникает сам по себе.|Найти подпись или документированное имя у выбранной вещи; собрать короткую карточку автора.|craft|Люди традиции
Ученическая работа: ошибка показывает путь к умению|Ученическая ошибка показывает ещё не освоенный приём. Сравнение работ делает видимым путь руки от первой попытки к уверенной точности мастера.|С разрешения мастера сопоставить учебный и зрелый образцы; открыть конкретный освоенный приём.|craft|Передача навыка
Посиделки: совместная работа и разговор|На посиделках трудятся и разговаривают вместе. Вечерняя работа становится местом общения, где передаются песни, рассказы и повседневный опыт.|По локальному свидетельству разместить участников и занятия; открыть записанную песню или рассказ той же традиции.|R|Общение
@12|Декабрь|Зимний быт, рассказы и семейное продолжение
Полушубок: тепло при свободных руках|Полушубок оставляет больше свободы для работы, чем длинная верхняя одежда. Длина вещи связана с движением человека в зимнем хозяйстве.|Сравнить два документированных силуэта верхней одежды; сопоставить длину с выбранным занятием.|costume|Зимняя одежда
Рукавицы: пальцы сохраняют тепло вместе|Рукавица собирает пальцы в общем пространстве. Материал и следы износа помогают увидеть, как одежда служила рукам на морозе.|Рассмотреть выбранные рукавицы, найти следы износа и сопоставить материал с местным описанием.|costume|Одежда
Онучи: обувь начинается до лаптя|Онучи входят в обувной комплект раньше лаптя. Несколько слоёв работают вместе — повседневная обувь начинается с подготовки самой ноги.|По атрибутированной схеме собрать слои обувного комплекта; показать местный вариант без универсального рецепта.|costume|Одежда
Введение: зимняя дорога входит в праздник|В народных описаниях Введения появляется зимний выезд. Сани связывают праздничную встречу с дорогой, которая стала доступна по снегу.|Сопоставить календарное название с музейным рассказом о зимнем выезде; открыть подтверждённые детали.|vvedenie/К|Народный календарь
Сани-розвальни: ширина ради груза|Розвальни расширяют место для хозяйственного груза. Рабочие сани отличаются от прогулочных потому, что служат другому содержимому и делу.|Расположить условный хозяйственный груз на схеме; сравнить опоры с выбранным музейным образцом.|R|Зимняя дорога
Дровни: запас тепла везут по снегу|Дровни везут длинный груз на короткой основе. Укладка связывает устройство саней с будущим запасом тепла для дома.|По документированной конструкции собрать условную укладку; увидеть связь груза и устройства саней.|R|Хозяйство
Дровяная поленница: порядок помогает запасу|Поленья складывают в поленницу, а не только собирают в кучу. Порядок укладки превращает множество отдельных кусков дерева в устроенный запас.|Сравнить два способа условной укладки с музейной фотографией; раскрыть выбранный хозяйственный приём.|R|Зимние запасы
Печной заслон: небольшая деталь большого очага|Печной заслон закрывает устье большого очага. Небольшая съёмная деталь имеет своё место в устройстве, вокруг которого организован домашний труд.|На музейной схеме найти заслон и его место; показать назначение без инструкции по эксплуатации печи.|R|Дом
Егорий зимний: имя дня хранит историческую память|Юрьев день остался в известной поговорке. Народное выражение хранит след исторической перемены, который требует отдельного объяснения событий.|Сопоставить музейное объяснение имени и поговорку; датировки и правовую историю раскрывать по отдельной проверенной справке.|egorij-zimnij/К|Календарь и речь
Печурка: у печи есть маленькие ниши|В стенке печи устроены маленькие ниши-печурки. Небольшая деталь показывает, как домашний быт использует пространство рядом с большим очагом.|На выбранном разрезе найти печурки; раскрыть документированное использование каждой.|R|Домашнее пространство
Полати: место над повседневной суетой|Полати добавляют верхний ярус в небольшую избу. Домашнее пространство растёт по высоте, когда привычной площади пола недостаточно.|На схеме выбранного дома выделить верхний ярус; сопоставить его с расположением печи и лавок.|R|Дом
Бабий кут: работа организует часть комнаты|Бабий кут собирает предметы кухонной работы рядом. Часть комнаты организована последовательностью дел, которые каждый день повторяются в доме.|Разместить предметы по документированному интерьеру; показать связь рабочего пространства и последовательности дел.|R|Домашний труд
Шуба на семейном снимке: одежда и достаток|Дорогая шуба на снимке видна сразу, жизнь её владельца — нет. Материал одежды даёт наблюдение, но достаток требует сведений о самом человеке.|Рассмотреть материал и покрой, затем открыть документальные сведения; показать границы вывода по фотографии.|costume|Одежда и общество
Деревянная шкатулка с секретом: сохранить личное|Шкатулка отделяет личные вещи от повседневного имущества. Внутренние отделения сохраняют порядок хранения, а подлинная опись возвращает содержимому имена.|По описи выбранного предмета связать отделения с содержимым; реконструкцию наполнения явно подписать.|R|Личное пространство
Лубочная картинка: рассказ читают глазами|Лубок соединяет изображение с подписью. Рассказ разворачивается между видимым эпизодом и прочитанной строкой — взгляд и слово работают вместе.|Разобрать один выбранный бытовой лубок на эпизоды; соединить каждый с соответствующей строкой.|R|Народное чтение
Домашнее чтение вслух: одна книга для нескольких слушателей|Одну книгу читают вслух нескольким людям. Домашний текст становится общей встречей: слушатели разделяют время и голос читающего.|На документированном воспоминании восстановить круг слушателей; прослушать короткий разрешённый фрагмент.|vserossijskij-den-chteniya|Семейное общение
Сказка в двух записях: один сюжет живёт по-разному|Одна сказка живёт в разных записях. Рассказчики сохраняют узнаваемые события, но меняют слова и детали — устная традиция не повторяет страницу механически.|Сопоставить два подписанных русских варианта выбранной сказки; отметить общие события и различия.|R|Устная традиция
Загадка о вещи: узнать знакомое по непрямому описанию|Загадка описывает знакомую вещь обходным путём. Образное сравнение скрывает предмет и одновременно даёт признаки, по которым его можно узнать.|Сопоставить записанную русскую загадку с музейными вещами; после выбора открыть образное сравнение.|R|Речь
Никола зимний: два праздника одного святого|Никола зимний и вешний входят в разные сезоны быта. Память об одном святом соединяется с разными хозяйственными обстоятельствами года.|На общей ленте открыть две музейные карточки; сопоставить только подтверждённые сезонные мотивы.|nikola-zimnij/К|Народный календарь
Пословица о труде: короткая фраза и жизненная ситуация|Пословица раскрывается в подходящей жизненной ситуации. Короткая фраза переносит опыт, но её смысл нельзя одинаково приложить к любому случаю.|Подобрать к выбранной записанной пословице подходящую ситуацию; получить объяснение переносного смысла.|R|Русская речь
Домашнее прозвище: имя внутри сообщества|Домашнее прозвище различает людей с одинаковыми именами. Внутри сообщества имя получает дополнительную семейную историю и местный смысл.|По опубликованному локальному свидетельству восстановить связь прозвища с семьёй; сведения живых людей использовать с согласием.|R|Соседство и речь
Зимняя песня Лопатней: голос продолжает календарь|Зимний репертуар Лопатней продолжает годовой круг села. Назначение песни слышно через её связь с конкретным праздником и исполнением.|Сравнить два коротких атрибутированных фрагмента села; открыть назначение каждого.|lopatni|Песенная культура
Семейный рецепт в тетради: память измеряют на глаз|В семейном рецепте мера может быть записана «на глаз». Тетрадь сохраняет слова, а комментарий владельца помогает понять переданное руками умение.|Сопоставить подлинную запись и комментарий владельца; отметить неясные меры, не выдавая их за проверенный рецепт.|food|Семейная память
Штопка: восстановить ткань внутри отверстия|Штопка восстанавливает переплетение внутри отверстия. Ремонт повторяет устройство ткани — повреждённая вещь получает ещё время службы.|На условной сетке восстановить основу и уток; затем рассмотреть след штопки на атрибутированной вещи.|costume|Ремонт
Упаковка подарка: забота видна ещё до открытия|Собственноручная упаковка показывает заботу до открытия подарка. Внешняя отделка становится частью личного обращения к тому, кому предназначена вещь.|По документированному семейному примеру сопоставить подарок и упаковку; собственный вариант подписать как современный.|R|Подарок
Бумажная гирлянда: праздник собирают всей семьёй|Бумажная гирлянда растёт из повторённых элементов. Простая ручная работа собирает семью вокруг подготовки общего праздничного пространства.|Составить условную цепочку элементов; сопоставить с датированной фотографией домашнего праздника.|R|Городское детство
Стеклянные бусы на ёлке: узор тянется по веткам|Стеклянные бусы проходят линией по нескольким веткам. Длинное украшение связывает части ёлки в общий рисунок, которого не даёт одна игрушка.|На условной ёлке проложить линию бус; рассмотреть выбранный датированный музейный образец.|R|Праздничный быт
Новогодняя маска: домашний спектакль на один вечер|Новогодняя маска помогает ребёнку войти в роль. Домашний праздник получает персонажа благодаря небольшой вещи, меняющей узнаваемое лицо.|Сопоставить датированную маску и праздничный снимок; выбрать детали собственного современного эскиза.|R|Детство
Костюм для утренника: семейное рукоделие XX века|Костюм для утренника собирают из доступных материалов. За детским праздничным образом остаётся семейная работа выбора, кроя и отделки.|По документированной истории костюма собрать карту материалов и участников изготовления.|R|Семейное творчество
Новая вещь по старому приёму: традиция продолжается|Современный мастер меняет назначение вещи и сохраняет старый приём. Традиция продолжается через освоенное действие, которому находится новая работа.|Сравнить исторический образец и подписанную современную работу одного промысла; отметить сохранённый приём.|craft|Живое мастерство
Год семьи в двенадцати вещах|Двенадцать вещей складываются в личный рассказ о годе. Выбранные истории соединяют сезоны, людей и труд без необходимости пересказывать всё подряд.|Выбрать по одной истории каждого месяца из календаря; собрать личный музейный маршрут с названиями и ссылками.|R|Личный итог
