source_date,title,hook,mechanic,evidence,source_urls,boundary_note,editorial_dependency,assignment_status
01.01,Ёлочная игрушка: история страны на одной ветке,Как на домашней ёлке встретились дореволюционный ангел и советская ракета?,"Передвигать шкалу времени: меняются украшения на ёлке и семейная обстановка. Сопоставить две эпохи и увидеть, как общий праздник менялся вместе со страной.","Россия, городской и семейный быт XIX–XX вв. История смены рождественской и новогодней игрушки подтверждена обзором; отдельные музейные игрушки ещё выбрать.",https://www.culture.ru/materials/252999/istoriya-elochnoi-igrushki,История семейного праздника; изготовление игрушки может дать отдельную историю первого музея.,Запись/альбом/описание; проверить локальность и пригодность,Редакторское предложение; новая дата выпуска не назначена
02.01,Дом Ошевневых: хозяйство под одной крышей,"До скотного двора можно дойти, не выходя под снег. Как жила семья в таком доме?","Проложить по плану путь из зимней избы в хозяйственную часть. Открывающиеся помещения показывают, как дом помогал вести хозяйство в холодное время.","Русские Заонежья; д. Ошевнево, 1876 г. Музей «Кижи»: дом-комплекс с жилой и хозяйственной частями; интерьер представляет быт конца XIX — начала XX в.",https://site.kizhi.karelia.ru/architecture/russkie-zaonezhya/dom-oshevneva-iz-d-oshevnevo,Устройство семейного хозяйства; архитектура дома остаётся контекстом.,Запись/альбом/описание; проверить локальность и пригодность,Редакторское предложение; новая дата выпуска не назначена
06.01,Рождественский сочельник: последний постный вечер,До Рождества — одна ночь. Почему праздничный стол ещё остаётся постным?,Переключить два состояния одного стола — канун и праздник. Вещи и блюда раскрываются с пояснениями о посте и ожидании; местное меню собирается по одному свидетельству.,Русская праздничная традиция. РЭМ: Рождественский пост завершается 24 декабря старого стиля / 6 января современного календаря. Конкретное село и меню требуют выбора.,https://ethnomuseum.ru/collections/podkasty/shangina/,,Запись/альбом/описание; проверить локальность и пригодность,Редакторское предложение; новая дата выпуска не назначена
07.01,"Рождественская звезда, которую носили по деревне",Звезда была не только на ёлке: с ней стучались в соседские двери. Зачем?,"Проследить на схеме путь христославов от дома к дому; у остановок раскрываются звезда, участники и поздравление. Узнать смысл совместного обхода.",Русские; обряд славления Христа со звездой описан И. И. Шангиной в цикле РЭМ. Локальная запись и исторический предмет ещё подбираются.,https://ethnomuseum.ru/collections/podkasty/shangina/,,Запись/альбом/описание; проверить локальность и пригодность,Редакторское предложение; новая дата выпуска не назначена
08.01,Бабьи каши: поблагодарить за рождение,"После Рождества чествовали женщину, которая помогла тебе появиться на свет. Чем её благодарили?","Развернуть схему связей ребёнка, родителей и повитухи. Подарки и совместная трапеза открывают её место в жизни семьи; два местных варианта показываются раздельно.","РЭМ подтверждает праздник повитух и рожениц, подарки и угощение кашей. Обзор говорит о разных губерниях, не называя одного села; локализацию уточнить.",https://ethnomuseum.ru/collections/ethnocalendar/january/sukkot7/,,Запись/альбом/описание; проверить локальность и пригодность,Редакторское предложение; новая дата выпуска не назначена
09.01,Колядование: песня у соседского порога,За пожелание доброго года открывали дверь и давали угощение. Что связывало хозяев и певцов?,Собрать маршрут обхода и сопоставить благопожелание с ответом хозяев. Голос и предметы раскрывают обмен поздравлениями и дарами между соседями.,"Русские; РЭМ описывает обходы с благопожелательными песнями в рождественский, новогодний и крещенский кануны. Название песни и её регион ещё выбрать.",https://ethnomuseum.ru/collections/podkasty/shangina/,,Запись/альбом/описание; проверить локальность и пригодность,Редакторское предложение; новая дата выпуска не назначена
13.01,Кольцо под блюдом: о чём спрашивали будущее,"Кольцо вытаскивают наугад, а смысл даёт песня. О чём девушки хотели узнать?",Сопоставить предмет из блюда с документированным песенным сюжетом и жизненным ожиданием. Меняется объяснение обряда; личное предсказание посетителю не создаётся.,"РЭМ описывает подблюдные гадания в канун Васильева дня: вещи участников, закрытое блюдо и песни. Это свидетельство поверий; локальный песенный текст ещё выбрать.",https://ethnomuseum.ru/collections/ethnocalendar/january/sukkot8/,,Запись/альбом/описание; проверить локальность и пригодность,Редакторское предложение; новая дата выпуска не назначена
14.01,Васильев день: посев среди зимы,"На улице снег, а зерно разбрасывают прямо в доме. Какого урожая здесь ждут?","Соединить зерно, поздравительный обход и будущий хлеб в движущейся схеме. Действие раскрывает пожелание достатка; виртуальный урожай не изображает реальное действие обряда.","РЭМ: утреннее посевание на Васильев день, зёрна злаков, поздравления и ответные дары. 14 января соответствует 1 января юлианского календаря в XX–XXI вв.",https://ethnomuseum.ru/collections/ethnocalendar/january/sukkot8/,,Запись/альбом/описание; проверить локальность и пригодность,Редакторское предложение; новая дата выпуска не назначена
15.01,"Ряженые: сосед, которого нельзя узнать","Тулуп вывернут, лицо скрыто. Почему знакомый человек должен был стать неузнаваемым?",Менять детали ряженья на подписанной реконструкции: силуэт и облик постепенно скрывают привычного человека. Объяснение связывает маску с особым временем праздника.,"РЭМ, цикл И. И. Шангиной: маски, вывернутые тулупы, святочные игрища и временное изменение норм поведения. Региональный вариант пока не выбран.",https://ethnomuseum.ru/collections/podkasty/shangina/,,Запись/альбом/описание; проверить локальность и пригодность,Редакторское предложение; новая дата выпуска не назначена
17.01,Парадная зала: деревенский дом встречает город,За бревенчатыми стенами — парадная зала. Как деревенская семья показывала связь с Петербургом?,Сравнить зимнюю избу и залу; по вещам раскрывать повседневные занятия и приём гостей. Смена комнаты показывает разные стороны жизни состоятельной семьи.,"Русские Заонежья, дом Ошевнева. «Кижи»: зала — музейная реконструкция образа состоятельной семьи с торговыми и родственными связями с Петербургом; открыта в 2016 г.",https://site.kizhi.karelia.ru/info/about/pressrelease/2016/10254.html,,Запись/альбом/описание; проверить локальность и пригодность,Редакторское предложение; новая дата выпуска не назначена
18.01,Крещенский сочельник: вещи для особой воды,"Крест, ковш и ведро встретились на одной выставке. Что связывает их с зимним праздником?","Проследить путь воды от водосвятия к дому и рассмотреть назначение предметов на каждом участке. Изменяется предметная схема, раскрывая подготовку к празднику.",РЭМ: выставка о крещенской воде включает крест и утварь для воды. Этнокалендарь подтверждает подготовку и водосвятие в сочельник; атрибуции конкретных сосудов уточнить.,https://ethnomuseum.ru/events1/exhibitions/past/vystavka-krewenskij-sneg-krewenskaya-voda/ ; https://ethnomuseum.ru/collections/ethnocalendar/january/kresch/,,Запись/альбом/описание; проверить локальность и пригодность,Редакторское предложение; новая дата выпуска не назначена
19.01,Иордань: когда вся деревня шла к воде,Почему зимняя прорубь получила имя далёкой реки?,"Раскрыть на историческом изображении место водосвятия, участников и предметы. Схема связывает название «иордань», евангельский сюжет и местный праздничный обычай.","РЭМ: прорубь-иордань и общественное водосвятие; Крещение завершает Святки. Источник обзорный, конкретную местную фотографию и её дату ещё подобрать.",https://ethnomuseum.ru/collections/ethnocalendar/january/kresch/,,Запись/альбом/описание; проверить локальность и пригодность,Редакторское предложение; новая дата выпуска не назначена
25.01,Татьянин день: город становится студенческим,Университетский праздник вышел на московские улицы. Что делало чужих людей «старыми студентами»?,"Двигаться по документированному маршруту праздничного дня: университет, встреча выпускников, гулянье. Из свидетельств собрать историю студенческого сообщества.","Москва, XIX–XX вв.; летопись МГУ и календарь РЭМ. 25 января — современная дата праздника; 12 января 1755 г. старого стиля при историческом пересчёте — 23 января.",https://letopis.msu.ru/content/tatyanin-den ; https://ethnomuseum.ru/collections/ethnocalendar/january/tatyanin-den/,,Запись/альбом/описание; проверить локальность и пригодность,Редакторское предложение; новая дата выпуска не назначена
29.01,"Семейские: память, которую поют вместе",Дом можно перевезти только по брёвнышку. А как переселенцы увезли с собой общий голос?,"Слушать подписанный фрагмент и следить по тексту за вступлениями участников. Карта связывает певцов и место записи; посетитель слышит, как сообщество сохраняет память.",Русские старообрядцы-семейские Забайкалья; фильм и описание культурного пространства на Культура.РФ. Традиция показана в современном бытовании; конкретную запись ещё выбрать.,https://www.culture.ru/live/movies/846/kulturnoe-prostranstvo-i-pesennoe-tvorchestvo-semeiskikh-zabaikalya ; https://www.culture.ru/institutes/10073/kulturnoe-prostranstvo-i-pesennoe-tvorchestvo-semeiskikh-zabaikalya,,Запись/альбом/описание; проверить локальность и пригодность,Редакторское предложение; новая дата выпуска не назначена
14.02,Трифон-мышегон: сохранить хлеб до весны,Урожай собран. Почему за него всё ещё тревожились зимой?,"На схеме хозяйства найти скирду и зерно, затем раскрыть записанный обычай и его участников. Разделить хозяйственную опасность и веру в обрядовую защиту.","Русская традиция; Е. Л. Мадлевская, РЭМ. Описание обряда в Московской и Калужской губерниях; 14 февраля по современной календарной приуроченности.",https://ethnomuseum.ru/collections/ethnocalendar/february/maslenica-maslenichnaya-nedelya-syrnaya-nedelya9/,,Запись/альбом/описание; проверить локальность и пригодность,Редакторское предложение; новая дата выпуска не назначена
15.02,Сретение: две встречи в одном названии,Как церковная встреча стала в народном календаре встречей зимы с весной?,"Переключить два связанных слоя: сюжет праздника и наблюдения за сезоном. Каждое наблюдение получает подпись «народное представление», а не прогноз погоды.","РЭМ: Сретение, 15 февраля. Церковное событие и народное восприятие сезонного рубежа. Обзор многоэтничный: в день войдёт только подтверждённый русский материал.",https://ethnomuseum.ru/collections/ethnocalendar/february/maslenica-maslenichnaya-nedelya-syrnaya-nedelya10/,,Запись/альбом/описание; проверить локальность и пригодность,Редакторское предложение; новая дата выпуска не назначена
18.02,Масленичный стол: праздник перед постом,Почему на столе столько мучного и молочного?,Сравнить две подписанные схемы трапезы: масленичную и постную. При выборе блюда открывается его место в переходе от праздничного изобилия к воздержанию.,"РЭМ описывает мучную, молочную и рыбную пищу на Масленицу. Региональное меню ещё выбрать; это обзор обычая, не рецепт одной семьи.",https://ethnomuseum.ru/collections/ethnocalendar/february/maslenica-maslenichnaya-nedelya-syrnaya-nedelya/,,Запись/альбом/описание; проверить локальность и пригодность,Редакторское предложение; новая дата выпуска не назначена
19.02,С горы — «на долгий лён»: смысл зимней потехи,Как катание с горки связывали с будущим урожаем?,"Сопоставить описанное катание и хозяйственное пожелание. На схеме появляются участники и предметы, затем — музейное объяснение поверья.","Музей «Кижи»: масленичные обычаи Олонецкой губернии, местные записи и описания катаний. Урожайная связь — представление участников.",https://site.kizhi.karelia.ru/info/en/about/newspaper/42/1104.html,,Запись/альбом/описание; проверить локальность и пригодность,Редакторское предложение; новая дата выпуска не назначена
20.02,Тёща и золовка: карта масленичного гостевания,Кто кому приходится роднёй — и к кому идут молодые супруги?,Повернуть схему родства от лица мужа к лицу жены. Меняются названия родственников и направления визитов; посетитель разбирается в связях двух семей.,"РЭМ: посещение родителей, чествование молодожёнов и названия дней Масленицы. Обзорный материал; местный порядок визитов уточнить.",https://ethnomuseum.ru/collections/ethnocalendar/february/maslenica-maslenichnaya-nedelya-syrnaya-nedelya/,,Запись/альбом/описание; проверить локальность и пригодность,Редакторское предложение; новая дата выпуска не назначена
21.02,Петрушка: маленький герой большой площади,Почему уличная кукла могла говорить со зрителями так бойко?,"Сравнить два коротких разрешённых фрагмента: традиционное уличное представление и сценическое переосмысление. Отметить обращение к публике, темп и характер героя.",Музей Театра Образцова: выставка «Фокусник и Петрушка. Путь от балагана к театру» о преобразовании народного персонажа в искусстве XX в.,https://puppet.ru/museum/events/vystavka-fokusnik-i-petrushka-put-ot-balagana-k-teatru-v-mamte,Представление и контакт с публикой; устройство куклы было бы другой историей.,Запись/альбом/описание; проверить локальность и пригодность,Редакторское предложение; новая дата выпуска не назначена
24.02,Власьев день: корова в центре хозяйства,Почему благополучию скота посвящали особый день?,"Собрать связи корова → молочная пища → повседневная забота, затем открыть календарное почитание Власия. Отдельно увидеть сведения об обычаях и о хозяйстве.","РЭМ: Власьев день, 24 февраля; обряды благополучия скота и представления об отступлении морозов. Локальность конкретного обряда требуется уточнить.",https://ethnomuseum.ru/collections/ethnocalendar/february/maslenica-maslenichnaya-nedelya-syrnaya-nedelya13/,,Запись/альбом/описание; проверить локальность и пригодность,Редакторское предложение; новая дата выпуска не назначена
26.02,Рыба с Белого моря: зимняя дорога меняет торговлю,Почему местным рыбакам зимой мешала дешёвая привозная рыба?,Включить на карте поток подвоза с Белого моря. Рядом открываются виды товара и объяснение изменения выгоды местного лова; сравнить два состояния торговли.,Обзор «Кижей» о русских Заонежья: подвоз беломорской рыбы снижал выгодность зимнего лова. Точные цены и маршрут в источнике не заданы.,https://site.kizhi.karelia.ru/library/traditsionnaya-kultura-russkih-zaonezhya-spravochno-metodicheskoe-posobie-dlya-eksku/746.html,,Запись/альбом/описание; проверить локальность и пригодность,Редакторское предложение; новая дата выпуска не назначена
08.03,Открытка к 8 Марта: праздник становится личным,Что превращает массовую открытку в обращение к одному человеку?,Рассмотреть печатную открытку и набрать рядом собственное поздравление. Сравнить готовую праздничную формулу и личные слова; сохранить свою карточку.,"Открытка «8 марта!», Москва, ИПФ «Стезя», 2012 г.; каталог РГБ. РЭМ подтверждает календарную дату и общественный смысл праздника. Русскоязычная семейная культура XXI в.",https://search.rsl.ru/ru/record/01006565357 ; https://ethnomuseum.ru/collections/ethnocalendar/march/mezhdunarodnyj-zhenskij-den/,,Запись/альбом/описание; проверить локальность и пригодность,Редакторское предложение; новая дата выпуска не назначена
14.03,Авдотья Плющиха: весна говорит названиями,"Почему один день зовут и Свистуньей, и Весновкой, и Плющихой?","Соединить народные названия с явлениями: ветер, оттепель, подтаявший наст. Открыть музейное пояснение и различить наблюдение за погодой и примету о будущем.","14 марта, 1 марта по старому стилю. Белгородский государственный музей народной культуры публикует названия и объяснения дня. Это обзор традиции, не описание одного экспоната.",https://xn--90aevhf.xn--p1ai/%D0%BA%D0%B0%D0%BB%D0%B5%D0%BD%D0%B4%D0%B0%D1%80%D1%8C/%D0%BC%D0%B0%D1%80%D1%82/14-%D0%BC%D0%B0%D1%80%D1%82%D0%B0,,Запись/альбом/описание; проверить локальность и пригодность,Редакторское предложение; новая дата выпуска не назначена
17.03,Герасим Грачевник: заметить возвращение птиц,Как прилёт грачей превращался в событие всей деревни?,"Отметить птиц и гнёзда на документированном весеннем изображении, затем открыть местное наблюдение и народное толкование. Сравнить, что человек видел и чего ожидал.",17 марта. РЭМ связывает день с наблюдениями за грачами в центральной и отчасти северной России и описывает встречу весны. Реальный прилёт зависит от места и погоды.,https://ethnomuseum.ru/collections/ethnocalendar/march/gerasim-grachevnik/,,Запись/альбом/описание; проверить локальность и пригодность,Редакторское предложение; новая дата выпуска не назначена
22.03,"Сороки: жаворонок, которого испекли для весны",Почему весну встречали с птицей из теста в руках?,"Сравнить два музейных муляжа и собрать условный силуэт летящей птицы. Открыть рассказ о детском участии во встрече весны и о том, как съедобная вещь попала в музей.","22 марта. РЭМ: муляж печенья «жаворонки», русские, г. Тверь, 1904 г.; второй муляж «жаворонок», русские, 1910 г. Это музейные муляжи, не сохранившаяся выпечка.",https://ethnomuseum.ru/collections/ethnocalendar/march/soroki-den-pamyati-soroka-muchenikov-sevastijskih/,,Запись/альбом/описание; проверить локальность и пригодность,Редакторское предложение; новая дата выпуска не назначена
30.03,Алексей Тёплый: прочитать весну по её именам,Почему у одного дня столько водяных названий?,"Сопоставить названия «водотек», «пролей кувшин», «с гор потоки» с изображениями весенней воды. Открыть объяснение и отделить метафору от прогноза погоды.","30 марта. Программа Старооскольского Дома ремёсел «Секреты Алексея теплого», 2025 г., описывает названия дня и народные представления. Это современное культурное описание, не полевая запись.",https://www.culture.ru/events/5691822/programma-sekrety-ale,,Запись/альбом/описание; проверить локальность и пригодность,Редакторское предложение; новая дата выпуска не назначена
05.04,Вербная ветка: как пальма стала близкой,Почему праздник о далёком Иерусалиме встречают с вербой?,"Соединить евангельский сюжет, пальмовую ветвь и местную вербу. При каждом соединении открывается объяснение: один смысл получает знакомый растительный образ.","Обзор РЭМ о православном Вербном воскресенье, последнее воскресенье перед Пасхой. Описана замена пальмовых ветвей вербой и русские домашние обычаи; конкретная местная запись не приведена.",https://ethnomuseum.ru/collections/ethnocalendar/april/verbnoe-voskresene/,,Запись/альбом/описание; проверить локальность и пригодность,Редакторское предложение; новая дата выпуска не назначена
07.04,"Благовещение: день, когда работу откладывали","Что важнее привычной работы, если даже прялку оставляют в покое?",На условной сцене домашнего дня отметить работу и праздничную паузу. Открыть объяснения запретов как верований и способа выделить особое время.,"7 апреля по современному календарю. РЭМ описывает Благовещение и народные запреты на работу; это обобщение русской традиции, без единой обязательной практики для всех мест.",https://ethnomuseum.ru/collections/ethnocalendar/april/blagovewenie/,,Запись/альбом/описание; проверить локальность и пригодность,Редакторское предложение; новая дата выпуска не назначена
08.04,Пасхальное яйцо: подарок с обращением внутри,"Может ли маленький подарок рассказать, кто и кому его поднёс?","Открыть створки цифрового изображения, приблизить надпись, затем соединить дарителей и адресата. Прочитать подарок как человеческое обращение.","Москва, конец XIX в.; деревянное расписное яйцо из Музея имени Андрея Рублёва; подношение Елизавете Фёдоровне от московских старообрядцев, приемлющих священство. Размер 15,6 × 10 см; дерево, левкас, темпера, токарная работа.",https://ar.culture.ru/ru/subject/pashalnoe-yayco-1,Личное обращение и дарение; техника изготовления яйца вторична.,Есть адрес предметной карточки; сверить содержание и медиа,Редакторское предложение; новая дата выпуска не назначена
09.04,Каталочки: яйцо становится игровым снарядом,"Как выиграть пасхальное яйцо, не разбивая его?","Выбрать направление на условном деревянном желобе и скатить яйцо к другим. После хода увидеть, какой предмет задет и как меняется очередь по выбранному варианту правил.","Культура.РФ описывает пасхальное катание яиц с дощечки или горки, в том числе применение деревянных яиц. Источник обзорный; единые правила всех русских селений не заявляются.",https://www.culture.ru/themes/630/kak-na-rusi-otmechali-paskhu,,Запись/альбом/описание; проверить локальность и пригодность,Редакторское предложение; новая дата выпуска не назначена
10.04,Пасхальная открытка: праздник приходит по почте,"Как поздравить человека, до которого нельзя дойти пешком?","Рассмотреть несколько открыток РНБ и выбрать изобразительное обращение к близкому. Составить собственное короткое поздравление, сохранив подпись исторического образца.","РНБ, виртуальная выставка русской пасхальной открытки начала XX в. Представлены разные издатели и художники; конкретный лист с лицевой и оборотной стороной отбирается перед страницей.",https://expositions.nlr.ru/ex_print/paskha/,,Запись/альбом/описание; проверить локальность и пригодность,Редакторское предложение; новая дата выпуска не назначена
12.04,Хлебные лесенки: выпечка с направлением вверх,Как рассказать о духовном пути при помощи теста?,Сложить условный хлебец из продольной основы и перекладин; открыть связь формы с образом лестницы. Сопоставить объяснение церковного названия и народный обычай.,"12 апреля — день Иоанна Лествичника. РЭМ описывает хлебные лесенки, освящение и раздачу нуждающимся. Текст обобщающий, место и время конкретной записи не указаны.",https://ethnomuseum.ru/collections/ethnocalendar/april/den-ioanna-listvichnika/,,Запись/альбом/описание; проверить локальность и пригодность,Редакторское предложение; новая дата выпуска не назначена
16.04,Никита Водопол: у весны есть речное имя,Что в названии народного дня напоминает о движении воды?,Поставить рядом название дня и две подписанные фотографии весенней реки. Сравнить берега и уровень воды; отделить календарное имя от реального срока половодья.,"16 апреля, Никита Водопол, календарь РЭМ. Музейная карточка подтверждает название и дату; подробного описания местных рыбацких обрядов в ней нет. Сопоставление с рекой — наш сценарий.",https://ethnomuseum.ru/collections/ethnocalendar/april/sredokrestie-sredoposte1/,,Запись/альбом/описание; проверить локальность и пригодность,Редакторское предложение; новая дата выпуска не назначена
26.04,Красная горка: выйти из зрителей в общий круг,"Что меняется в празднике, когда человек сам входит в хоровод?",На условной схеме занять место в круге и пройти простой фрагмент движения. Сравнить собственную последовательность с подписанной записью музейной программы.,"РЭМ, современная танцевально-игровая программа «Красная горка», 2026 г. Подтверждено сегодняшнее музейное представление традиции; это не полевая запись старинного деревенского праздника.",https://ethnomuseum.ru/events1/programs/arhiv-programm/krasnaya-gorka/tan-igro-prog-krasnaya-gorka/,,Запись/альбом/описание; проверить локальность и пригодность,Редакторское предложение; новая дата выпуска не назначена
27.04,Русская Тростянка: как голоса держатся вместе,Почему народный хор не звучит как несколько одинаковых голосов?,Послушать короткую подписанную запись и отметить вступления голосов на ленте времени. Повторное прослушивание с пояснениями помогает услышать многоголосие и импровизацию.,"Село Русская Тростянка, Острогожский район Воронежской области; описание Центра русского фольклора на Культура.РФ. Этнос — русские; зафиксированы местные певческие приёмы и репертуар. Дата выбранной записи уточняется отдельно.",https://www.culture.ru/objects/382/pesennaya-tradiciya-sela-russkaya-trostyanka-ostrogozhskogo-raiona-voronezhskoi-oblasti,,Запись/альбом/описание; проверить локальность и пригодность,Редакторское предложение; новая дата выпуска не назначена
01.05,Калитка: граница между своим двором и улицей,"Что меняется, когда гость переступает порог двора?","Открыть схему двора, выбрать путь гостя и хозяина; сравнить их остановки у хозяйственных построек.","Тема-кандидат в рамках экспозиции РЭМ о русских. Конкретный предмет, местность, дата и подтверждение частного сюжета ещё подбираются; обзор не заменяет предметную атрибуцию.",https://ethnomuseum.ru/exposition/permanent/russians/,,Общий обзор; нужен предмет,Редакторское предложение; новая дата выпуска не назначена
06.05,Егорий вешний: первый выход стада,Почему начало выпаса становилось событием для деревни?,На карте выбранного села провести стадо от дворов к пастбищу; открыть подтверждённый местный обычай этого дня.,Этнокалендарь РЭМ; локальные варианты обычая требуют отдельного выбора.,https://ethnomuseum.ru/collections/ethnocalendar/may/egorev-den-yurev-den-egorij-veshnij/,,Запись/альбом/описание; проверить локальность и пригодность,Редакторское предложение; новая дата выпуска не назначена
08.05,Куриное гнездо: маленькое хозяйство внутри большого,Как двор помогает заботиться о домашних птицах?,"Расположить гнездо, корм и воду на схеме выбранного хозяйства; получить объяснение из музейного комментария.","Тема-кандидат в рамках экспозиции РЭМ о русских. Конкретный предмет, местность, дата и подтверждение частного сюжета ещё подбираются; обзор не заменяет предметную атрибуцию.",https://ethnomuseum.ru/exposition/permanent/russians/,,Общий обзор; нужен предмет,Редакторское предложение; новая дата выпуска не назначена
09.05,Семейная фотография после Победы,Какие следы большого события остаются в домашнем альбоме?,Рассмотреть выбранный подписанный семейный снимок; отделить видимые детали от воспоминаний владельцев и сохранить карточку памяти.,Этнокалендарь РЭМ; локальные варианты обычая требуют отдельного выбора.,https://ethnomuseum.ru/collections/ethnocalendar/may/den-pobedy/,,Запись/альбом/описание; проверить локальность и пригодность,Редакторское предложение; новая дата выпуска не назначена
21.05,"Вознесение: праздник, который передвигается",Почему этот день нельзя навсегда поставить на 21 мая?,"Передвинуть Пасху на условной ленте, увидеть положение Вознесения через сорок дней; открыть один подтверждённый русский обычай.",Этнокалендарь РЭМ; локальные варианты обычая требуют отдельного выбора.,https://ethnomuseum.ru/collections/ethnocalendar/may/voznesenie/,,Запись/альбом/описание; проверить локальность и пригодность,Редакторское предложение; новая дата выпуска не назначена
22.05,Никола вешний: святой в хозяйственном году,Как одна память соединяла разные занятия людей?,Выбрать из музейного текста один местный сюжет; связать календарную дату с хозяйственным действием и картой места.,Этнокалендарь РЭМ; локальные варианты обычая требуют отдельного выбора.,https://ethnomuseum.ru/collections/ethnocalendar/may/nikola-veshnij-nikolin-den-den-nikolaya-chudotvorca/,,Запись/альбом/описание; проверить локальность и пригодность,Редакторское предложение; новая дата выпуска не назначена
24.05,Азбука в доме: буквы становятся семейным умением,"Как научиться читать, если книг совсем немного?",Разобрать страницу выбранной старой азбуки и составить слово из её букв; рядом открыть современное чтение.,Этнокалендарь РЭМ; локальные варианты обычая требуют отдельного выбора.,https://ethnomuseum.ru/collections/ethnocalendar/may/den-slavyanskoj-pismennosti-i-kultury-den-svyatyh-kirilla-i-mefodiya/,Семейное обучение чтению; конкретная азбука ещё нужна.,Запись/альбом/описание; проверить локальность и пригодность,Редакторское предложение; новая дата выпуска не назначена
27.05,"Лавка у дома: место, где узнают новости",Как небольшая скамья становится местом общения?,На подписанном снимке отметить участников и направление взгляда; собрать короткую сцену только из документированных сведений.,"Тема-кандидат в рамках экспозиции РЭМ о русских. Конкретный предмет, местность, дата и подтверждение частного сюжета ещё подбираются; обзор не заменяет предметную атрибуцию.",https://ethnomuseum.ru/exposition/permanent/russians/,,Общий обзор; нужен предмет,Редакторское предложение; новая дата выпуска не назначена
28.05,Семик: зелёные ветви в праздничном круге,Почему берёза появляется в рассказах о начале лета?,Сопоставить музейное описание и изображение одного обряда; восстановить последовательность действий с ветвями.,Этнокалендарь РЭМ; локальные варианты обычая требуют отдельного выбора.,https://ethnomuseum.ru/collections/ethnocalendar/may/semik-zelenye-svyatki/,,Запись/альбом/описание; проверить локальность и пригодность,Редакторское предложение; новая дата выпуска не назначена
31.05,Троица: дом встречает зелёное лето,Что меняется в знакомом интерьере в праздничный день?,Наложить на схему дома подтверждённое для выбранного места убранство; открыть различие церковного праздника и местного обычая.,Этнокалендарь РЭМ; локальные варианты обычая требуют отдельного выбора.,https://ethnomuseum.ru/collections/ethnocalendar/may/troica-den-svyatoj-troicy-pyatidesyatnica/,,Запись/альбом/описание; проверить локальность и пригодность,Редакторское предложение; новая дата выпуска не назначена
02.06,Земля-именинница: у труда бывает пауза,Почему в народном календаре могли откладывать работу с землёй?,Выбрать действие из местного описания Духова дня; открыть его календарный и обрядовый контекст.,Этнокалендарь РЭМ; локальные варианты обычая требуют отдельного выбора.,https://ethnomuseum.ru/collections/ethnocalendar/june/duhov-den-den-svyatogo-duha-zemlya-imeninnica/,,Запись/альбом/описание; проверить локальность и пригодность,Редакторское предложение; новая дата выпуска не назначена
03.06,Олёна-льняница: имя дня и будущая ткань,Как июньский посев связан с зимней рубахой?,Соединить календарное имя с растением и конечной вещью; на ленте года увидеть длительность всего пути.,Этнокалендарь РЭМ; локальные варианты обычая требуют отдельного выбора.,https://ethnomuseum.ru/collections/ethnocalendar/june/olna-lnyanica-den-svyatyh-konstantina-i-eleny/,,Запись/альбом/описание; проверить локальность и пригодность,Редакторское предложение; новая дата выпуска не назначена
04.06,"Горелки: поймать момент, когда пара разбегается",Что важнее в этой игре — скорость или внимание?,Пройти один короткий раунд на схеме; после выбора получить разбор по выбранному варианту правил.,"Современное описание народных игр учреждением культуры, 2021. Местный исторический вариант правил ещё выбирается.",https://www.culture.ru/events/944859/onlain-chas-russkie-narodnye-igry,,Запись/альбом/описание; проверить локальность и пригодность,Редакторское предложение; новая дата выпуска не назначена
05.06,Лапта: успеть добежать и вернуться,"Когда выгоднее бежать, а когда ждать?",Выбрать момент старта в условном игровом эпизоде; увидеть ответ команды соперников и объяснение решения.,"Современное описание народных игр учреждением культуры, 2021. Местный исторический вариант правил ещё выбирается.",https://www.culture.ru/events/944859/onlain-chas-russkie-narodnye-igry,,Запись/альбом/описание; проверить локальность и пригодность,Редакторское предложение; новая дата выпуска не назначена
06.06,"Городки: пять чурок, множество фигур",Как одна и та же пятёрка создаёт разные задачи?,"Собрать две фигуры по музейной иллюстрации, наметить бросок и сравнить, какие части фигуры он затронет.","Тема-кандидат в рамках экспозиции РЭМ о русских. Конкретный предмет, местность, дата и подтверждение частного сюжета ещё подбираются; обзор не заменяет предметную атрибуцию.",https://ethnomuseum.ru/exposition/permanent/russians/,,Общий обзор; нужен предмет,Редакторское предложение; новая дата выпуска не назначена
07.06,Салочки: маленькое изменение правил меняет игру,Зачем участники заранее договариваются о границах?,Передвинуть границу площадки на схеме и проиграть один эпизод; увидеть роль общего правила.,"Современное описание народных игр учреждением культуры, 2021. Местный исторический вариант правил ещё выбирается.",https://www.culture.ru/events/944859/onlain-chas-russkie-narodnye-igry,,Запись/альбом/описание; проверить локальность и пригодность,Редакторское предложение; новая дата выпуска не назначена
08.06,Считалка: выбрать водящего без спора,Как ритм помогает группе принять решение?,"Проговорить выбранную записанную считалку по долям, распределить слоги между участниками и узнать её место записи.","Современное описание народных игр учреждением культуры, 2021. Местный исторический вариант правил ещё выбирается.",https://www.culture.ru/events/944859/onlain-chas-russkie-narodnye-igry,,Запись/альбом/описание; проверить локальность и пригодность,Редакторское предложение; новая дата выпуска не назначена
10.06,Тимоня: ноги отвечают наигрышу,Как услышать момент для движения?,Отметить опорные доли подписанного наигрыша; включить видео и сопоставить их с движением танцующих.,Русские; курско-белгородское пограничье. Запись и исполнителей следует выбрать из материалов традиции.,https://www.culture.ru/objects/475/muzykalno-khoreograficheskaya-forma-timonya-v-tradicii-kursko-belgorodskogo-pogranichya,,Запись/альбом/описание; проверить локальность и пригодность,Редакторское предложение; новая дата выпуска не назначена
11.06,Карагод: круг не всегда движется одинаково,Как участники сохраняют общее движение?,На схеме одной записанной пляски выбрать направление шага; увидеть согласованное движение группы.,Русские; курско-белгородское пограничье. Запись и исполнителей следует выбрать из материалов традиции.,https://www.culture.ru/objects/475/muzykalno-khoreograficheskaya-forma-timonya-v-tradicii-kursko-belgorodskogo-pogranichya,,Запись/альбом/описание; проверить локальность и пригодность,Редакторское предложение; новая дата выпуска не назначена
12.06,Плясовой ансамбль: инструменты разговаривают,"Кто ведёт, а кто отвечает?",На общей записи отметить вступления инструментов; отдельные партии включать только при наличии исходных дорожек.,Русские; курско-белгородское пограничье. Запись и исполнителей следует выбрать из материалов традиции.,https://www.culture.ru/objects/475/muzykalno-khoreograficheskaya-forma-timonya-v-tradicii-kursko-belgorodskogo-pogranichya,,Запись/альбом/описание; проверить локальность и пригодность,Редакторское предложение; новая дата выпуска не назначена
13.06,Фощеватово: песня сопровождает полотьё,Может ли рабочее дело иметь свой напев?,Сравнить подписанный сезонный припев с другим жанром той же традиции; отметить длину фраз и повтор.,"Русские; Фощеватово, Белгородская область. Локальная песенная традиция; дату и исполнителей выбранной записи уточнить.",https://www.culture.ru/objects/2145,,Запись/альбом/описание; проверить локальность и пригодность,Редакторское предложение; новая дата выпуска не назначена
14.06,Лопатни: старые и новые песни в одном селе,Почему соседние песни звучат так по-разному?,Послушать два атрибутированных фрагмента разных слоёв репертуара; открыть время и обстоятельства записи.,"Русские; село Лопатни, Брянская область. Конкретные записи и исполнители выбираются перед производством.",https://www.culture.ru/objects/2836/pesennaya-tradiciya-sela-lopatni-klincovskogo-raiona-bryanskoi-oblasti,,Запись/альбом/описание; проверить локальность и пригодность,Редакторское предложение; новая дата выпуска не назначена
15.06,Песни Осереди: длинная фраза держит слушателя,"Где заканчивается строка, если мелодия ещё продолжается?",Проследить текст и напев по общей ленте; отметить распев и услышать фразу повторно.,"Русские; сёла Пузево, Клёповка, Гвазда Воронежской области. Источник отмечает прерывание естественной передачи традиции.",https://www.culture.ru/objects/1920/protyazhnye-pesni-sel-po-reke-osered-buturlinovskogo-raiona-voronezhskoi-oblasti,,Запись/альбом/описание; проверить локальность и пригодность,Редакторское предложение; новая дата выпуска не назначена
17.06,Огородная гряда: еда начинается рядом с домом,Как распределить небольшой участок между разными культурами?,По описанию конкретного хозяйства разложить культуры на схеме; получить сезонную карту ухода без агрономических нормативов.,История повседневного питания; региональный рецепт и посуда подбираются отдельно.,https://www.culture.ru/s/vopros/chto-eli-do-kartoshki/,,Запись/альбом/описание; проверить локальность и пригодность,Редакторское предложение; новая дата выпуска не назначена
18.06,Репа: привычный овощ до картофельного стола,Почему старый рассказ о репке понятен через хозяйство?,Сопоставить изображение растения с кухонным сюжетом; собрать путь от гряды к подаче по выбранному источнику.,История повседневного питания; региональный рецепт и посуда подбираются отдельно.,https://www.culture.ru/s/vopros/chto-eli-do-kartoshki/,,Запись/альбом/описание; проверить локальность и пригодность,Редакторское предложение; новая дата выпуска не назначена
19.06,Щавель и зелёный стол: сезон меняет обед,Что в летней еде нельзя повторить зимой без запасов?,Сравнить два сезонных меню выбранной местности; подсветить свежие и заготовленные продукты.,История повседневного питания; региональный рецепт и посуда подбираются отдельно.,https://www.culture.ru/s/vopros/chto-eli-do-kartoshki/,,Запись/альбом/описание; проверить локальность и пригодность,Редакторское предложение; новая дата выпуска не назначена
21.06,Фёдор Стратилат: наблюдать летнюю погоду,Почему названия дней хранят внимание к погоде?,Сопоставить народное наблюдение из музейного текста с фотографиями; отделить историческую примету от прогноза.,Этнокалендарь РЭМ; локальные варианты обычая требуют отдельного выбора.,https://ethnomuseum.ru/collections/ethnocalendar/june/fdor-stratilat/,,Запись/альбом/описание; проверить локальность и пригодность,Редакторское предложение; новая дата выпуска не назначена
26.06,Акулина-гречишница: растение в имени дня,Как отличить гречиху от привычного хлебного колоса?,Сопоставить подписанные растения и семена; открыть народное имя дня и местный хозяйственный контекст.,Этнокалендарь РЭМ; локальные варианты обычая требуют отдельного выбора.,https://ethnomuseum.ru/collections/ethnocalendar/june/akulina-grechishnica/,,Запись/альбом/описание; проверить локальность и пригодность,Редакторское предложение; новая дата выпуска не назначена
27.06,Гречневая крупа: маленькая трёхгранная форма,Почему крупа не похожа на длинное зерно ржи?,Под лупой сравнить формы семян нескольких культур; собрать карточку будущего блюда.,История повседневного питания; региональный рецепт и посуда подбираются отдельно.,https://www.culture.ru/s/vopros/chto-eli-do-kartoshki/,,Запись/альбом/описание; проверить локальность и пригодность,Редакторское предложение; новая дата выпуска не назначена
30.06,Летнее письмо домой: новости помещаются на листе,Что человек выбирает рассказать близким прежде всего?,"На выбранном подлинном письме выделить приветствие, новости и просьбы; собрать краткую карту семейных связей.","Тема-кандидат в рамках экспозиции РЭМ о русских. Конкретный предмет, местность, дата и подтверждение частного сюжета ещё подбираются; обзор не заменяет предметную атрибуцию.",https://ethnomuseum.ru/exposition/permanent/russians/,,Общий обзор; нужен предмет,Редакторское предложение; новая дата выпуска не назначена
04.07,Покос на неделю: что берут с собой,"Как устроить жизнь, когда рабочее место далеко от дома?","Собрать по локальному описанию набор вещей для покоса; увидеть, кто и за что отвечает.","Тема-кандидат в рамках экспозиции РЭМ о русских. Конкретный предмет, местность, дата и подтверждение частного сюжета ещё подбираются; обзор не заменяет предметную атрибуцию.",https://ethnomuseum.ru/exposition/permanent/russians/,,Общий обзор; нужен предмет,Редакторское предложение; новая дата выпуска не назначена
06.07,Аграфена Купальница: банный обычай перед праздником,Почему у летнего дня такое имя?,Рассмотреть принадлежности выбранного банного обычая; собрать последовательность только по локальному описанию.,Этнокалендарь РЭМ; локальные варианты обычая требуют отдельного выбора.,https://ethnomuseum.ru/collections/ethnocalendar/july/agrafena-kupalnica-kupalwica/,,Запись/альбом/описание; проверить локальность и пригодность,Редакторское предложение; новая дата выпуска не назначена
07.07,Иван Купала: праздник и рассказ о чудесном цветке,Как отличить народное предание от свойства растения?,"Разнести фрагменты музейного рассказа по слоям: обряд, поверье, современная демонстрация; открыть пояснение каждого.",Этнокалендарь РЭМ; локальные варианты обычая требуют отдельного выбора.,https://ethnomuseum.ru/collections/ethnocalendar/july/ivan-kupala-rozhdestvo-svyatogo-ioanna-krestitelya-ivanov-den/,,Запись/альбом/описание; проверить локальность и пригодность,Редакторское предложение; новая дата выпуска не назначена
08.07,Семейный стол: кто кому приходится,Можно ли разобраться в большой семье по одному рассказу?,Построить схему родства по выбранному семейному свидетельству; подсветить связь каждого участника с рассказчиком.,Этнокалендарь РЭМ; локальные варианты обычая требуют отдельного выбора.,https://ethnomuseum.ru/collections/ethnocalendar/july/vserossijskij-den-semi-lyubvi-i-vernosti/,,Запись/альбом/описание; проверить локальность и пригодность,Редакторское предложение; новая дата выпуска не назначена
09.07,Сеновал: запас над хозяйственным двором,"Как разместить много лёгкого, но объёмного груза?",На схеме выбранного дома найти путь сена наверх; сопоставить хранение с устройством двора.,"Тема-кандидат в рамках экспозиции РЭМ о русских. Конкретный предмет, местность, дата и подтверждение частного сюжета ещё подбираются; обзор не заменяет предметную атрибуцию.",https://ethnomuseum.ru/exposition/permanent/russians/,,Общий обзор; нужен предмет,Редакторское предложение; новая дата выпуска не назначена
10.07,Летняя артель: большое дело делят на части,Как несколько людей работают без одинаковых заданий?,"Распределить роли по документированному описанию совместной работы; увидеть, где возникает ожидание.","Тема-кандидат в рамках экспозиции РЭМ о русских. Конкретный предмет, местность, дата и подтверждение частного сюжета ещё подбираются; обзор не заменяет предметную атрибуцию.",https://ethnomuseum.ru/exposition/permanent/russians/,,Общий обзор; нужен предмет,Редакторское предложение; новая дата выпуска не назначена
11.07,Обед в поле: еда путешествует к работникам,"Как накормить семью, когда все далеко от печи?",Собрать дорожный набор по музейному описанию; объяснить выбор вместительной и переносной посуды.,"Тема-кандидат в рамках экспозиции РЭМ о русских. Конкретный предмет, местность, дата и подтверждение частного сюжета ещё подбираются; обзор не заменяет предметную атрибуцию.",https://ethnomuseum.ru/exposition/permanent/russians/,,Общий обзор; нужен предмет,Редакторское предложение; новая дата выпуска не назначена
12.07,Петров день: лето меняет ритм работ,Что связывает праздник и начало сенокоса в Кижах?,Соединить дату с подтверждённой современной музейной демонстрацией; отдельно открыть историческое описание праздника.,Этнокалендарь РЭМ; локальные варианты обычая требуют отдельного выбора.,https://ethnomuseum.ru/collections/ethnocalendar/july/petrov-den-den-apostolov-petra-i-pavla/,,Запись/альбом/описание; проверить локальность и пригодность,Редакторское предложение; новая дата выпуска не назначена
15.07,Ольга Семёнова: коллекция начинается со встречи,Как вещь из села становится музейным свидетельством?,"Соединить место, собирательницу и описание коллекции; собрать паспорт одной подтверждённой записи.",Документированная собирательская работа О. П. Семёновой; рязанские коллекции. Номер выбранной вещи уточняется перед страницей.,https://ethnomuseum.ru/collections/collectors/semenova-olga-petrovna/,Пока служебная история о собирателе: перед включением раскрыть встречу с носителями культуры.,Запись/альбом/описание; проверить локальность и пригодность,Редакторское предложение; новая дата выпуска не назначена
16.07,"Полевой блокнот: записать то, что легко забыть",Почему название вещи без места и имени почти бесполезно?,"Заполнить карточку по выбранному документу: кто, где, когда и что сообщил; увидеть, каких сведений не хватает.",Этнокалендарь РЭМ; локальные варианты обычая требуют отдельного выбора.,https://ethnomuseum.ru/collections/ethnocalendar/july/den-etnografa/,"История полевой записи, пограничный методический сюжет; не считать её заменой истории самих людей.",Запись/альбом/описание; проверить локальность и пригодность,Редакторское предложение; новая дата выпуска не назначена
02.08,Ильин день: лето в народном рассказе,Как календарный день связывали с переменами погоды?,Сопоставить разные мотивы музейного описания; отделить хозяйственные наблюдения от поверий.,Этнокалендарь РЭМ; локальные варианты обычая требуют отдельного выбора.,https://ethnomuseum.ru/collections/ethnocalendar/august/ilin-den/,,Запись/альбом/описание; проверить локальность и пригодность,Редакторское предложение; новая дата выпуска не назначена
06.08,Дети в поле: семейный труд имеет много ролей,"Кто присматривает за младшими, пока взрослые жнут?",На документированном описании полевого дня восстановить роли членов семьи; не добавлять вымышленных биографий.,"Тема-кандидат в рамках экспозиции РЭМ о русских. Конкретный предмет, местность, дата и подтверждение частного сюжета ещё подбираются; обзор не заменяет предметную атрибуцию.",https://ethnomuseum.ru/exposition/permanent/russians/,,Общий обзор; нужен предмет,Редакторское предложение; новая дата выпуска не назначена
07.08,Последние колосья: что оставляют на поле,Почему завершение жатвы не всегда означает пустое поле?,По сцене РЭМ восстановить действия обряда «бородки»; открыть его как историческое поверье конкретного описания.,"Тема-кандидат в рамках экспозиции РЭМ о русских. Конкретный предмет, местность, дата и подтверждение частного сюжета ещё подбираются; обзор не заменяет предметную атрибуцию.",https://ethnomuseum.ru/exposition/permanent/russians/,,Общий обзор; нужен предмет,Редакторское предложение; новая дата выпуска не назначена
09.08,Ток: рабочая площадка для урожая,Зачем снопы везут в особое место?,Разместить операции обмолота на схеме выбранного хозяйства; проследить путь зерна и соломы.,"Тема-кандидат в рамках экспозиции РЭМ о русских. Конкретный предмет, местность, дата и подтверждение частного сюжета ещё подбираются; обзор не заменяет предметную атрибуцию.",https://ethnomuseum.ru/exposition/permanent/russians/,,Общий обзор; нужен предмет,Редакторское предложение; новая дата выпуска не назначена
13.08,Медовый сот: природный порядок в хозяйстве,Что рассказывает увеличенная ячейка о собранном продукте?,Под лупой рассмотреть подписанный сот и пасечную принадлежность; связать их с музейным рассказом о пчеловодстве.,"Тема-кандидат в рамках экспозиции РЭМ о русских. Конкретный предмет, местность, дата и подтверждение частного сюжета ещё подбираются; обзор не заменяет предметную атрибуцию.",https://ethnomuseum.ru/exposition/permanent/russians/,,Общий обзор; нужен предмет,Редакторское предложение; новая дата выпуска не назначена
14.08,Медовый Спас: продукт становится праздничным даром,Как хозяйственный запас входит в календарный обычай?,Сопоставить пасечную работу и описание праздника; выделить подтверждённые обрядовые действия.,Этнокалендарь РЭМ; локальные варианты обычая требуют отдельного выбора.,https://ethnomuseum.ru/collections/ethnocalendar/august/pervyj-spas-medovyj/,,Запись/альбом/описание; проверить локальность и пригодность,Редакторское предложение; новая дата выпуска не назначена
16.08,Мочёные яблоки: урожай меняет вкус во времени,Как плод становится зимним запасом?,На историческом описании разложить этапы заготовки; показать культурный способ хранения без современных пищевых рекомендаций.,История повседневного питания; региональный рецепт и посуда подбираются отдельно.,https://www.culture.ru/s/vopros/chto-eli-do-kartoshki/,,Запись/альбом/описание; проверить локальность и пригодность,Редакторское предложение; новая дата выпуска не назначена
17.08,Сушёные грибы: лесной урожай становится лёгким,Почему после сушки меняются размер и способ хранения?,"Сопоставить изображения до и после, подобрать историческую тару по источнику; открыть место грибов в питании.",История повседневного питания; региональный рецепт и посуда подбираются отдельно.,https://www.culture.ru/s/vopros/chto-eli-do-kartoshki/,,Запись/альбом/описание; проверить локальность и пригодность,Редакторское предложение; новая дата выпуска не назначена
19.08,Яблочный Спас: первые плоды в праздничной истории,"Что связывает яблоко, семейный стол и церковный календарь?",Развернуть музейное описание на три связанных сюжета; выбрать один местный обычай для подробного показа.,Этнокалендарь РЭМ; локальные варианты обычая требуют отдельного выбора.,https://ethnomuseum.ru/collections/ethnocalendar/august/preobrazhenie-vtoroj-yablochnyj-spas/,,Запись/альбом/описание; проверить локальность и пригодность,Редакторское предложение; новая дата выпуска не назначена
20.08,Кисель: старое блюдо и знакомое новое слово,Всегда ли кисель был сладким напитком?,Сопоставить два документированных описания разных эпох; отметить исходный продукт и консистенцию.,История повседневного питания; региональный рецепт и посуда подбираются отдельно.,https://www.culture.ru/s/vopros/chto-eli-do-kartoshki/,,Запись/альбом/описание; проверить локальность и пригодность,Редакторское предложение; новая дата выпуска не назначена
21.08,"Толокно: зерно, прошедшее долгую подготовку",Чем готовая мука отличается от просто размолотого зерна?,"Собрать технологическую цепочку по выбранному историческому описанию; показать, на каком этапе меняется продукт.",История повседневного питания; региональный рецепт и посуда подбираются отдельно.,https://www.culture.ru/s/vopros/chto-eli-do-kartoshki/,,Запись/альбом/описание; проверить локальность и пригодность,Редакторское предложение; новая дата выпуска не назначена
24.08,Постный и скоромный стол: календарь меняет набор продуктов,Почему у одной семьи бывают разные правила трапезы?,Собрать два меню из документированных примеров; открыть историческое основание различий.,История повседневного питания; региональный рецепт и посуда подбираются отдельно.,https://www.culture.ru/s/vopros/chto-eli-do-kartoshki/,,Запись/альбом/описание; проверить локальность и пригодность,Редакторское предложение; новая дата выпуска не назначена
26.08,Посевное зерно: часть урожая нельзя съесть,Почему богатый запас всё равно делят?,В условном хозяйственном примере отделить посевной фонд от еды и обмена; увидеть смысл распределения без вымышленных норм.,"Тема-кандидат в рамках экспозиции РЭМ о русских. Конкретный предмет, местность, дата и подтверждение частного сюжета ещё подбираются; обзор не заменяет предметную атрибуцию.",https://ethnomuseum.ru/exposition/permanent/russians/,,Общий обзор; нужен предмет,Редакторское предложение; новая дата выпуска не назначена
28.08,Успение: завершение лета в народном календаре,Как праздник соседствует с заботой об урожае?,Сопоставить церковное название и хозяйственные мотивы музейного описания; выбрать локальную историю.,Этнокалендарь РЭМ; локальные варианты обычая требуют отдельного выбора.,https://ethnomuseum.ru/collections/ethnocalendar/august/uspenie-bogorodicy/,,Запись/альбом/описание; проверить локальность и пригодность,Редакторское предложение; новая дата выпуска не назначена
29.08,"Ореховый, Хлебный, Холщовый: три имени одного Спаса",Почему один день называется разными дарами?,Связать три названия с продуктом или материалом; открыть объяснение и различия местных обычаев.,Этнокалендарь РЭМ; локальные варианты обычая требуют отдельного выбора.,https://ethnomuseum.ru/collections/ethnocalendar/august/tretij-spas-holwovyj-orehovyj/,,Запись/альбом/описание; проверить локальность и пригодность,Редакторское предложение; новая дата выпуска не назначена
30.08,Соломенная подстилка: у урожая нет одной полезной части,Куда уходит стебель после обмолота?,"По описанию хозяйства распределить зерно, мякину и солому между применениями; собрать карту бережного использования.","Тема-кандидат в рамках экспозиции РЭМ о русских. Конкретный предмет, местность, дата и подтверждение частного сюжета ещё подбираются; обзор не заменяет предметную атрибуцию.",https://ethnomuseum.ru/exposition/permanent/russians/,,Общий обзор; нужен предмет,Редакторское предложение; новая дата выпуска не назначена
31.08,Флор и Лавр: день заботы о лошади,Почему рабочему животному посвящали особый день?,Связать музейное описание праздника с конским снаряжением; показать выбранный обычай без переноса обрядов других народов.,Этнокалендарь РЭМ; локальные варианты обычая требуют отдельного выбора.,https://ethnomuseum.ru/collections/ethnocalendar/august/den-pamyati-svyatyh-flora-i-lavra/,,Запись/альбом/описание; проверить локальность и пригодность,Редакторское предложение; новая дата выпуска не назначена
03.09,Пропись: много одинаковых букв ради собственного почерка,Как повтор помогает обрести навык?,Сопоставить учебный образец и страницу ученика; найти удачные соединения и заметные исправления.,"Тема-кандидат в рамках экспозиции РЭМ о русских. Конкретный предмет, местность, дата и подтверждение частного сюжета ещё подбираются; обзор не заменяет предметную атрибуцию.",https://ethnomuseum.ru/exposition/permanent/russians/,,Общий обзор; нужен предмет,Редакторское предложение; новая дата выпуска не назначена
09.09,Ярмарочный ряд: покупки складываются в маршрут,Как найти нужное среди множества торговцев?,По плану выбранной ярмарки составить путь за тремя товарами; открыть специализацию рядов.,"Тема-кандидат в рамках экспозиции РЭМ о русских. Конкретный предмет, местность, дата и подтверждение частного сюжета ещё подбираются; обзор не заменяет предметную атрибуцию.",https://ethnomuseum.ru/exposition/permanent/russians/,,Общий обзор; нужен предмет,Редакторское предложение; новая дата выпуска не назначена
13.09,Домашняя тетрадь расходов: хозяйство становится записью,Что можно узнать о семье по списку покупок?,Разнести реальные записи выбранного документа по расходам; увидеть структуру бюджета без вымышленных сумм.,"Тема-кандидат в рамках экспозиции РЭМ о русских. Конкретный предмет, местность, дата и подтверждение частного сюжета ещё подбираются; обзор не заменяет предметную атрибуцию.",https://ethnomuseum.ru/exposition/permanent/russians/,,Общий обзор; нужен предмет,Редакторское предложение; новая дата выпуска не назначена
14.09,Семёнов день: осень встречают особым порядком,Почему начало осени могло напоминать новый год?,На ленте сопоставить историческое новолетие и местные осенины; даты старого и нового стиля показать отдельно.,Этнокалендарь РЭМ; локальные варианты обычая требуют отдельного выбора.,https://ethnomuseum.ru/collections/ethnocalendar/september/semenov-den/,,Запись/альбом/описание; проверить локальность и пригодность,Редакторское предложение; новая дата выпуска не назначена
15.09,Новая лучина: свет как начало вечерних работ,"Как меняется распорядок, когда темнеет раньше?","Сравнить летний и осенний день по локальному описанию; выбрать занятия, требующие освещения.",Этнокалендарь РЭМ; локальные варианты обычая требуют отдельного выбора.,https://ethnomuseum.ru/collections/ethnocalendar/september/semenov-den/,,Запись/альбом/описание; проверить локальность и пригодность,Редакторское предложение; новая дата выпуска не назначена
16.09,Погреб: прохлада становится частью дома,Почему продукты отправляют вниз?,На документированном разрезе найти место хранения; связать устройство с хозяйственным назначением.,"Тема-кандидат в рамках экспозиции РЭМ о русских. Конкретный предмет, местность, дата и подтверждение частного сюжета ещё подбираются; обзор не заменяет предметную атрибуцию.",https://ethnomuseum.ru/exposition/permanent/russians/,,Общий обзор; нужен предмет,Редакторское предложение; новая дата выпуска не назначена
17.09,Кадка для капусты: запас собирают слоями,Зачем большой семье большая ёмкость?,По историческому описанию сопоставить тару и объём совместной работы; показать этапы как музейный рассказ.,История повседневного питания; региональный рецепт и посуда подбираются отдельно.,https://www.culture.ru/s/vopros/chto-eli-do-kartoshki/,,Запись/альбом/описание; проверить локальность и пригодность,Редакторское предложение; новая дата выпуска не назначена
19.09,Квашня и закваска: живое ожидание хлеба,Почему хлебный день начинается задолго до печи?,Собрать стадии выбранного исторического способа выпечки; отличить время действий от времени ожидания.,История повседневного питания; региональный рецепт и посуда подбираются отдельно.,https://www.culture.ru/s/vopros/chto-eli-do-kartoshki/,,Запись/альбом/описание; проверить локальность и пригодность,Редакторское предложение; новая дата выпуска не назначена
20.09,Солёные огурцы: летний огород в осеннем запасе,Как сезонная еда остаётся на столе позже?,Сопоставить календарь сбора и хранения в выбранном источнике; раскрыть роль исторической тары.,История повседневного питания; региональный рецепт и посуда подбираются отдельно.,https://www.culture.ru/s/vopros/chto-eli-do-kartoshki/,,Запись/альбом/описание; проверить локальность и пригодность,Редакторское предложение; новая дата выпуска не назначена
22.09,Накосник и лента: подарок вплетается в причёску,Как небольшая вещь становится личной?,"По документированной истории выбранного украшения соединить дарителя, получательницу и способ ношения.",Документированная собирательская работа О. П. Семёновой; рязанские коллекции. Номер выбранной вещи уточняется перед страницей.,https://ethnomuseum.ru/collections/collectors/semenova-olga-petrovna/,В исходнике обещан подарок; без документированной истории дарения вернуть к исследованию вещи.,Запись/альбом/описание; проверить локальность и пригодность,Редакторское предложение; новая дата выпуска не назначена
23.09,Сундук невесты: запас труда перед новой жизнью,Что важнее — вместительность или содержимое?,Открыть опись выбранного приданого; распределить вещи по назначению и увидеть объём подготовленного труда.,Каталог локальных свадебных традиций. Берём только указанные русские традиции; обрядовые подробности требуют чтения карточки выбранного села.,https://www.culture.ru/traditions/culture-heritage/mythology/mythology-2/mythology-22/mythology-224,Подготовка приданого и вклад труда в новую семью; столярная конструкция сундука — первый музей.,Запись/альбом/описание; проверить локальность и пригодность,Редакторское предложение; новая дата выпуска не назначена
24.09,Приданое на виду: вещи рассказывают о мастерстве,Как семья показывала подготовку к свадьбе?,Восстановить по локальному описанию порядок показа вещей; выделить предметы ручной работы.,Каталог локальных свадебных традиций. Берём только указанные русские традиции; обрядовые подробности требуют чтения карточки выбранного села.,https://www.culture.ru/traditions/culture-heritage/mythology/mythology-2/mythology-22/mythology-224,,Запись/альбом/описание; проверить локальность и пригодность,Редакторское предложение; новая дата выпуска не назначена
25.09,Осенний наём: работа выводит человека из деревни,Как временный заработок меняет домашний календарь?,На документированной биографии провести путь от дома к месту работы; отметить возвращение и принесённые навыки.,"Тема-кандидат в рамках экспозиции РЭМ о русских. Конкретный предмет, местность, дата и подтверждение частного сюжета ещё подбираются; обзор не заменяет предметную атрибуцию.",https://ethnomuseum.ru/exposition/permanent/russians/,,Общий обзор; нужен предмет,Редакторское предложение; новая дата выпуска не назначена
26.09,Фотография в ателье: человек выбирает свой образ,Какие детали портрета были специально подготовлены?,"На подписанном снимке отметить позу, фон и одежду; отделить наблюдение от догадки о характере.","Тема-кандидат в рамках экспозиции РЭМ о русских. Конкретный предмет, местность, дата и подтверждение частного сюжета ещё подбираются; обзор не заменяет предметную атрибуцию.",https://ethnomuseum.ru/exposition/permanent/russians/,,Общий обзор; нужен предмет,Редакторское предложение; новая дата выпуска не назначена
27.09,Воздвижение: капустные хлопоты в имени праздника,Почему календарное название приводит на кухню?,Соединить названия «Капустки» и «Капустницы» с музейным описанием; раскрыть выбранный местный обычай.,Этнокалендарь РЭМ; локальные варианты обычая требуют отдельного выбора.,https://ethnomuseum.ru/collections/ethnocalendar/september/vozdvizhenie/,,Запись/альбом/описание; проверить локальность и пригодность,Редакторское предложение; новая дата выпуска не назначена
28.09,Семейный фотоальбом: подпись спасает имя,"Что исчезает, когда фотография остаётся без пояснения?",Сравнить снимок с подписью и без неё; заполнить карточку только установленными сведениями.,"Тема-кандидат в рамках экспозиции РЭМ о русских. Конкретный предмет, местность, дата и подтверждение частного сюжета ещё подбираются; обзор не заменяет предметную атрибуцию.",https://ethnomuseum.ru/exposition/permanent/russians/,,Общий обзор; нужен предмет,Редакторское предложение; новая дата выпуска не назначена
29.09,Почтовый конверт: адрес рисует путь,Можно ли восстановить дорогу письма по отметкам?,Прочитать адрес и штемпели выбранного конверта; нанести подтверждённые пункты на карту.,"Тема-кандидат в рамках экспозиции РЭМ о русских. Конкретный предмет, местность, дата и подтверждение частного сюжета ещё подбираются; обзор не заменяет предметную атрибуцию.",https://ethnomuseum.ru/exposition/permanent/russians/,,Общий обзор; нужен предмет,Редакторское предложение; новая дата выпуска не назначена
01.10,Сватовство в двух шагах: договориться не сразу,Почему одного визита могло быть недостаточно?,По белгородскому описанию расставить два этапа; открыть участников и предмет разговора каждого.,Русские сёла Чернянского и Новооскольского районов; конкретное село и запись выбираются перед страницей.,https://www.culture.ru/objects/2820/svadebnyi-obryad-russkikh-sel-chernyanskogo-i-novooskolskogo-raionov-belgorodskoi-oblasti,,Запись/альбом/описание; проверить локальность и пригодность,Редакторское предложение; новая дата выпуска не назначена
02.10,Смотр дома: брак связывает два хозяйства,Что могли узнавать о будущей семье до свадьбы?,По выбранному локальному описанию составить маршрут знакомства с хозяйством; показывать только подтверждённые действия.,Каталог локальных свадебных традиций. Берём только указанные русские традиции; обрядовые подробности требуют чтения карточки выбранного села.,https://www.culture.ru/traditions/culture-heritage/mythology/mythology-2/mythology-22/mythology-224,,Запись/альбом/описание; проверить локальность и пригодность,Редакторское предложение; новая дата выпуска не назначена
03.10,Рукобитье: соглашение становится видимым,"Как люди обозначали, что договорённость состоялась?",Найти жест и участников в конкретном описании; связать его с местом в свадебной последовательности.,Каталог локальных свадебных традиций. Берём только указанные русские традиции; обрядовые подробности требуют чтения карточки выбранного села.,https://www.culture.ru/traditions/culture-heritage/mythology/mythology-2/mythology-22/mythology-224,,Запись/альбом/описание; проверить локальность и пригодность,Редакторское предложение; новая дата выпуска не назначена
04.10,"Свадебные роли: дружка, сваха, подруги",Почему у большого обряда так много помощников?,Распределить действия между персонажами по одному локальному источнику; открыть объяснение каждой роли.,Каталог локальных свадебных традиций. Берём только указанные русские традиции; обрядовые подробности требуют чтения карточки выбранного села.,https://www.culture.ru/traditions/culture-heritage/mythology/mythology-2/mythology-22/mythology-224,,Запись/альбом/описание; проверить локальность и пригодность,Редакторское предложение; новая дата выпуска не назначена
05.10,Свадебное приглашение: известие идёт по селу,Как сообщить о событии без общего чата?,"Восстановить подтверждённый путь приглашения; увидеть круг людей, которых объединяет праздник.",Каталог локальных свадебных традиций. Берём только указанные русские традиции; обрядовые подробности требуют чтения карточки выбранного села.,https://www.culture.ru/traditions/culture-heritage/mythology/mythology-2/mythology-22/mythology-224,,Запись/альбом/описание; проверить локальность и пригодность,Редакторское предложение; новая дата выпуска не назначена
06.10,Девичник: последнее собрание в прежнем кругу,Что меняется в общении подруг перед свадьбой?,Сопоставить последовательность действий и песню выбранной традиции; выделить момент прощания.,Каталог локальных свадебных традиций. Берём только указанные русские традиции; обрядовые подробности требуют чтения карточки выбранного села.,https://www.culture.ru/traditions/culture-heritage/mythology/mythology-2/mythology-22/mythology-224,,Запись/альбом/описание; проверить локальность и пригодность,Редакторское предложение; новая дата выпуска не назначена
07.10,Невестина коса: причёска обозначает переход,Почему волосы становятся частью семейного обряда?,По локальной записи сопоставить два состояния причёски; показать участников изменения и их действия.,Каталог локальных свадебных традиций. Берём только указанные русские традиции; обрядовые подробности требуют чтения карточки выбранного села.,https://www.culture.ru/traditions/culture-heritage/mythology/mythology-2/mythology-22/mythology-224,,Запись/альбом/описание; проверить локальность и пригодность,Редакторское предложение; новая дата выпуска не назначена
08.10,Свадебное причитание: печаль внутри праздника,Почему на свадьбе можно услышать плач?,"Проследить текст выбранной записи; выделить обращение и прощание, не превращая голос в конкурс веселья.",Каталог локальных свадебных традиций. Берём только указанные русские традиции; обрядовые подробности требуют чтения карточки выбранного села.,https://www.culture.ru/traditions/culture-heritage/mythology/mythology-2/mythology-22/mythology-224,,Запись/альбом/описание; проверить локальность и пригодность,Редакторское предложение; новая дата выпуска не назначена
09.10,Причитание и песня: два способа говорить,Как услышать различие без музыкального образования?,Сравнить два коротких атрибутированных фрагмента одной традиции; отметить свободное и повторяющееся движение фразы.,Каталог локальных свадебных традиций. Берём только указанные русские традиции; обрядовые подробности требуют чтения карточки выбранного села.,https://www.culture.ru/traditions/culture-heritage/mythology/mythology-2/mythology-22/mythology-224,,Запись/альбом/описание; проверить локальность и пригодность,Редакторское предложение; новая дата выпуска не назначена
10.10,Свадебное деревце: предмет собирает действия,Почему вокруг небольшой украшенной вещи строится эпизод?,"По выбранному локальному источнику проследить, кто украшает, несёт и получает предмет.",Каталог локальных свадебных традиций. Берём только указанные русские традиции; обрядовые подробности требуют чтения карточки выбранного села.,https://www.culture.ru/traditions/culture-heritage/mythology/mythology-2/mythology-22/mythology-224,,Запись/альбом/описание; проверить локальность и пригодность,Редакторское предложение; новая дата выпуска не назначена
11.10,Лента невесты: знак прежнего девичества,Как обычная полоска ткани становится памятной?,Рассмотреть подтверждённый образец или описание; восстановить его путь в одном свадебном обряде.,Каталог локальных свадебных традиций. Берём только указанные русские традиции; обрядовые подробности требуют чтения карточки выбранного села.,https://www.culture.ru/traditions/culture-heritage/mythology/mythology-2/mythology-22/mythology-224,,Запись/альбом/описание; проверить локальность и пригодность,Редакторское предложение; новая дата выпуска не назначена
12.10,Свадебный каравай: еда становится общим действием,Кто участвует в приготовлении и разделе хлеба?,По местному описанию распределить роли и этапы; сопоставить форму хлеба с его обрядовым использованием.,Каталог локальных свадебных традиций. Берём только указанные русские традиции; обрядовые подробности требуют чтения карточки выбранного села.,https://www.culture.ru/traditions/culture-heritage/mythology/mythology-2/mythology-22/mythology-224,,Запись/альбом/описание; проверить локальность и пригодность,Редакторское предложение; новая дата выпуска не назначена
13.10,Каравайная песня: работа получает свой голос,"Что поют не для сцены, а для события?",Соединить фрагмент записанной песни с конкретным этапом обряда; показать подпись исполнителей.,Каталог локальных свадебных традиций. Берём только указанные русские традиции; обрядовые подробности требуют чтения карточки выбранного села.,https://www.culture.ru/traditions/culture-heritage/mythology/mythology-2/mythology-22/mythology-224,,Запись/альбом/описание; проверить локальность и пригодность,Редакторское предложение; новая дата выпуска не назначена
14.10,Покров: осень открывает свадебные ожидания,Как праздник связан с разговорами о будущей семье?,Выделить в музейном описании церковное и народное содержание; открыть одну локальную свадебную примету как поверье.,Этнокалендарь РЭМ; локальные варианты обычая требуют отдельного выбора.,https://ethnomuseum.ru/collections/ethnocalendar/october/pokrov-bogorodicy/,,Запись/альбом/описание; проверить локальность и пригодность,Редакторское предложение; новая дата выпуска не назначена
15.10,Свадебный поезд: деревня видит переход,Почему дорога между домами становится частью праздника?,Проложить подтверждённый маршрут по схеме поселения; раскрыть действия на каждой остановке.,Каталог локальных свадебных традиций. Берём только указанные русские традиции; обрядовые подробности требуют чтения карточки выбранного села.,https://www.culture.ru/traditions/culture-heritage/mythology/mythology-2/mythology-22/mythology-224,,Запись/альбом/описание; проверить локальность и пригодность,Редакторское предложение; новая дата выпуска не назначена
16.10,Хлеб-соль при встрече: принять человека в дом,Как трапеза выражает отношение к гостю?,"По локальному описанию сопоставить предметы, жесты и слова встречи; указать, что именно подтверждено.",Каталог локальных свадебных традиций. Берём только указанные русские традиции; обрядовые подробности требуют чтения карточки выбранного села.,https://www.culture.ru/traditions/culture-heritage/mythology/mythology-2/mythology-22/mythology-224,,Запись/альбом/описание; проверить локальность и пригодность,Редакторское предложение; новая дата выпуска не назначена
17.10,Свадебный головной убор: прежний наряд меняет статус,Что надевают после изменения причёски?,Собрать новый комплект по музейному образцу той же традиции; сравнить с девичьим.,Музейный альбом русских локальных костюмных комплексов; конкретный комплект уточняется перед страницей.,https://collection.ethnomuseum.ru/entity/ARTICLE/2311,Смена семейного статуса через головной убор; его крой и техника — другая история.,Запись/альбом/описание; проверить локальность и пригодность,Редакторское предложение; новая дата выпуска не назначена
18.10,Красный угол: где собирается важное,Почему в комнате не все места равноценны?,На схеме выбранного русского интерьера найти красный угол; открыть его документированное бытовое и обрядовое значение.,"Тема-кандидат в рамках экспозиции РЭМ о русских. Конкретный предмет, местность, дата и подтверждение частного сюжета ещё подбираются; обзор не заменяет предметную атрибуцию.",https://ethnomuseum.ru/exposition/permanent/russians/,,Общий обзор; нужен предмет,Редакторское предложение; новая дата выпуска не назначена
19.10,Место за столом: порядок виден в рассадке,Что может означать место человека на семейном пиру?,Рассадить участников по конкретному свадебному описанию; получить комментарий о местном порядке.,Каталог локальных свадебных традиций. Берём только указанные русские традиции; обрядовые подробности требуют чтения карточки выбранного села.,https://www.culture.ru/traditions/culture-heritage/mythology/mythology-2/mythology-22/mythology-224,,Запись/альбом/описание; проверить локальность и пригодность,Редакторское предложение; новая дата выпуска не назначена
20.10,Величальная песня: назвать достоинства человека,Как песня обращается к конкретному гостю?,В выбранной записи выделить адресата и образы похвалы; связать текст с местом исполнения.,Русские сёла Чернянского и Новооскольского районов; конкретное село и запись выбираются перед страницей.,https://www.culture.ru/objects/2820/svadebnyi-obryad-russkikh-sel-chernyanskogo-i-novooskolskogo-raionov-belgorodskoi-oblasti,,Запись/альбом/описание; проверить локальность и пригодность,Редакторское предложение; новая дата выпуска не назначена
21.10,Корильная песня: шутка имеет свои границы,Почему свадебная насмешка понятна участникам обряда?,Прочитать короткий атрибутированный фрагмент с объяснением ситуации; различить обрядовую роль и личную оценку.,Русские сёла Чернянского и Новооскольского районов; конкретное село и запись выбираются перед страницей.,https://www.culture.ru/objects/2820/svadebnyi-obryad-russkikh-sel-chernyanskogo-i-novooskolskogo-raionov-belgorodskoi-oblasti,,Запись/альбом/описание; проверить локальность и пригодность,Редакторское предложение; новая дата выпуска не назначена
22.10,Отдаривание: подарок получает ответ,Как обмен вещами укрепляет новые связи?,По локальной описи построить цепочку дарителей и получателей; не добавлять универсальных свадебных норм.,Каталог локальных свадебных традиций. Берём только указанные русские традиции; обрядовые подробности требуют чтения карточки выбранного села.,https://www.culture.ru/traditions/culture-heritage/mythology/mythology-2/mythology-22/mythology-224,,Запись/альбом/описание; проверить локальность и пригодность,Редакторское предложение; новая дата выпуска не назначена
23.10,"Свекровь, тёща, зять: новые слова после свадьбы",Как меняется название одного человека для разных родственников?,Переключать точку зрения на семейной схеме; получать название родственной связи.,Каталог локальных свадебных традиций. Берём только указанные русские традиции; обрядовые подробности требуют чтения карточки выбранного села.,https://www.culture.ru/traditions/culture-heritage/mythology/mythology-2/mythology-22/mythology-224,,Запись/альбом/описание; проверить локальность и пригодность,Редакторское предложение; новая дата выпуска не назначена
24.10,Первое утро в новом доме,Какие привычные действия становятся непривычными на новом месте?,По документированному описанию восстановить один утренний эпизод; показать пространство и участников.,Каталог локальных свадебных традиций. Берём только указанные русские традиции; обрядовые подробности требуют чтения карточки выбранного села.,https://www.culture.ru/traditions/culture-heritage/mythology/mythology-2/mythology-22/mythology-224,,Запись/альбом/описание; проверить локальность и пригодность,Редакторское предложение; новая дата выпуска не назначена
25.10,Большебыково: у свадьбы есть местный порядок,Почему нельзя собрать русскую свадьбу из случайных обычаев?,"Открыть карточку этой традиции, отметить её место и сопоставить этапы с другой отдельно подписанной традицией.",Каталог локальных свадебных традиций. Берём только указанные русские традиции; обрядовые подробности требуют чтения карточки выбранного села.,https://www.culture.ru/traditions/culture-heritage/mythology/mythology-2/mythology-22/mythology-224,,Запись/альбом/описание; проверить локальность и пригодность,Редакторское предложение; новая дата выпуска не назначена
26.10,Томское Приобье: русская свадьба вдали от прежней родины,Как семейный обряд живёт в переселенческой среде?,На карте связать место записи с выбранным свадебным материалом; особенности раскрывать по карточке старожилов.,Каталог локальных свадебных традиций. Берём только указанные русские традиции; обрядовые подробности требуют чтения карточки выбранного села.,https://www.culture.ru/traditions/culture-heritage/mythology/mythology-2/mythology-22/mythology-224,,Запись/альбом/описание; проверить локальность и пригодность,Редакторское предложение; новая дата выпуска не назначена
27.10,Кеба: северная свадьба в голосах села,"Что даёт запись людей, а не только пересказ обряда?",Выбрать атрибутированный фрагмент кебской традиции; следить за голосом и подписью участницы.,"Русские сёла на реке Вашке, деревня Кеба Архангельской области. Описаны сольные и групповые причитания; конкретную запись и исполнительницу выбрать перед страницей.",https://www.culture.ru/objects/459/svadebnyi-obryad-derevni-keba-leshukonskogo-raiona-arkhangelskoi-oblasti,,Запись/альбом/описание; проверить локальность и пригодность,Редакторское предложение; новая дата выпуска не назначена
28.10,Локня и Ловать: свадьба на карте речных мест,Почему название традиции охватывает несколько поселений?,На карте отметить места выбранных записей; показать общие и различающиеся элементы без смешения обрядов.,Каталог локальных свадебных традиций. Берём только указанные русские традиции; обрядовые подробности требуют чтения карточки выбранного села.,https://www.culture.ru/traditions/culture-heritage/mythology/mythology-2/mythology-22/mythology-224,,Запись/альбом/описание; проверить локальность и пригодность,Редакторское предложение; новая дата выпуска не назначена
29.10,Сланцевский район: семейный обряд сохраняется в записи,"Что остаётся, если обряд перестали исполнять целиком?",Сопоставить полевое описание и сохранившиеся песни; отметить документированные и утраченные части.,Каталог локальных свадебных традиций. Берём только указанные русские традиции; обрядовые подробности требуют чтения карточки выбранного села.,https://www.culture.ru/traditions/culture-heritage/mythology/mythology-2/mythology-22/mythology-224,,Запись/альбом/описание; проверить локальность и пригодность,Редакторское предложение; новая дата выпуска не назначена
30.10,Городское свадебное фото: новый язык старого события,Что изменилось в одежде и способе хранить память?,Сравнить два подписанных свадебных снимка разных поколений одной семьи; отметить видимые изменения.,"Тема-кандидат в рамках экспозиции РЭМ о русских. Конкретный предмет, местность, дата и подтверждение частного сюжета ещё подбираются; обзор не заменяет предметную атрибуцию.",https://ethnomuseum.ru/exposition/permanent/russians/,,Общий обзор; нужен предмет,Редакторское предложение; новая дата выпуска не назначена
31.10,Семейная история без придуманного диалога,"Можно ли рассказать о близких, не зная их точных слов?","Собрать рассказ из фото, вещи и свидетельства; пометить установленные факты и семейное предание.","Тема-кандидат в рамках экспозиции РЭМ о русских. Конкретный предмет, местность, дата и подтверждение частного сюжета ещё подбираются; обзор не заменяет предметную атрибуцию.",https://ethnomuseum.ru/exposition/permanent/russians/,,Общий обзор; нужен предмет,Редакторское предложение; новая дата выпуска не назначена
08.11,Дмитриев день: память собирает родных,Как календарь возвращает семью к ушедшим поколениям?,По музейному описанию найти формы поминовения; отдельно показать Дмитриев день и подвижную поминальную субботу.,Этнокалендарь РЭМ; локальные варианты обычая требуют отдельного выбора.,https://ethnomuseum.ru/collections/ethnocalendar/november/dmitriev-den/,,Запись/альбом/описание; проверить локальность и пригодность,Редакторское предложение; новая дата выпуска не назначена
10.11,Параскева Пятница: покровительство женским занятиям,Как имя святой входит в мир домашней работы?,Соединить музейное описание с конкретным занятием; запреты и поверья показывать как исторические представления.,Этнокалендарь РЭМ; локальные варианты обычая требуют отдельного выбора.,https://ethnomuseum.ru/collections/ethnocalendar/november/sukkot1/,,Запись/альбом/описание; проверить локальность и пригодность,Редакторское предложение; новая дата выпуска не назначена
14.11,Кузьминки: праздник ремесла и молодёжного общения,Как один день объединяет работу и посиделки?,В музейном описании выделить выбранный русский обычай; собрать его участников и последовательность.,Этнокалендарь РЭМ; локальные варианты обычая требуют отдельного выбора.,https://ethnomuseum.ru/collections/ethnocalendar/november/kuz-minki/,,Запись/альбом/описание; проверить локальность и пригодность,Редакторское предложение; новая дата выпуска не назначена
30.11,Посиделки: совместная работа и разговор,Почему вечерний труд легче представить с другими людьми?,По локальному свидетельству разместить участников и занятия; открыть записанную песню или рассказ той же традиции.,"Тема-кандидат в рамках экспозиции РЭМ о русских. Конкретный предмет, местность, дата и подтверждение частного сюжета ещё подбираются; обзор не заменяет предметную атрибуцию.",https://ethnomuseum.ru/exposition/permanent/russians/,,Общий обзор; нужен предмет,Редакторское предложение; новая дата выпуска не назначена
04.12,Введение: зимняя дорога входит в праздник,Почему в народном описании появляются сани?,Сопоставить календарное название с музейным рассказом о зимнем выезде; открыть подтверждённые детали.,Этнокалендарь РЭМ; локальные варианты обычая требуют отдельного выбора.,https://ethnomuseum.ru/collections/ethnocalendar/november/vvedenie/,,Запись/альбом/описание; проверить локальность и пригодность,Редакторское предложение; новая дата выпуска не назначена
09.12,Егорий зимний: имя дня хранит историческую память,Почему Юрьев день стал поговоркой?,Сопоставить музейное объяснение имени и поговорку; датировки и правовую историю раскрывать по отдельной проверенной справке.,Этнокалендарь РЭМ; локальные варианты обычая требуют отдельного выбора.,https://ethnomuseum.ru/collections/ethnocalendar/december/egorij-zimnij/,,Запись/альбом/описание; проверить локальность и пригодность,Редакторское предложение; новая дата выпуска не назначена
11.12,Полати: место над повседневной суетой,Как получить ещё одно место в небольшой избе?,На схеме выбранного дома выделить верхний ярус; сопоставить его с расположением печи и лавок.,"Тема-кандидат в рамках экспозиции РЭМ о русских. Конкретный предмет, местность, дата и подтверждение частного сюжета ещё подбираются; обзор не заменяет предметную атрибуцию.",https://ethnomuseum.ru/exposition/permanent/russians/,,Общий обзор; нужен предмет,Редакторское предложение; новая дата выпуска не назначена
12.12,Бабий кут: работа организует часть комнаты,Почему кухонные вещи собраны в одном месте?,Разместить предметы по документированному интерьеру; показать связь рабочего пространства и последовательности дел.,"Тема-кандидат в рамках экспозиции РЭМ о русских. Конкретный предмет, местность, дата и подтверждение частного сюжета ещё подбираются; обзор не заменяет предметную атрибуцию.",https://ethnomuseum.ru/exposition/permanent/russians/,,Общий обзор; нужен предмет,Редакторское предложение; новая дата выпуска не назначена
13.12,Шуба на семейном снимке: одежда и достаток,Можно ли судить о человеке по одной дорогой вещи?,"Рассмотреть материал и покрой, затем открыть документальные сведения; показать границы вывода по фотографии.",Музейный альбом русских локальных костюмных комплексов; конкретный комплект уточняется перед страницей.,https://collection.ethnomuseum.ru/entity/ARTICLE/2311,,Запись/альбом/описание; проверить локальность и пригодность,Редакторское предложение; новая дата выпуска не назначена
16.12,Домашнее чтение вслух: одна книга для нескольких слушателей,"Что меняется, когда текст звучит для всей комнаты?",На документированном воспоминании восстановить круг слушателей; прослушать короткий разрешённый фрагмент.,Этнокалендарь РЭМ; локальные варианты обычая требуют отдельного выбора.,https://ethnomuseum.ru/collections/ethnocalendar/october/vserossijskij-den-chteniya/,,Запись/альбом/описание; проверить локальность и пригодность,Редакторское предложение; новая дата выпуска не назначена
17.12,Сказка в двух записях: один сюжет живёт по-разному,Почему рассказчики не повторяют текст слово в слово?,Сопоставить два подписанных русских варианта выбранной сказки; отметить общие события и различия.,"Тема-кандидат в рамках экспозиции РЭМ о русских. Конкретный предмет, местность, дата и подтверждение частного сюжета ещё подбираются; обзор не заменяет предметную атрибуцию.",https://ethnomuseum.ru/exposition/permanent/russians/,,Общий обзор; нужен предмет,Редакторское предложение; новая дата выпуска не назначена
18.12,Загадка о вещи: узнать знакомое по непрямому описанию,"Можно ли назвать предмет, если о нём говорят обходно?",Сопоставить записанную русскую загадку с музейными вещами; после выбора открыть образное сравнение.,"Тема-кандидат в рамках экспозиции РЭМ о русских. Конкретный предмет, местность, дата и подтверждение частного сюжета ещё подбираются; обзор не заменяет предметную атрибуцию.",https://ethnomuseum.ru/exposition/permanent/russians/,,Общий обзор; нужен предмет,Редакторское предложение; новая дата выпуска не назначена
19.12,Никола зимний: два праздника одного святого,Чем зимний Никола отличается от вешнего в народном быту?,На общей ленте открыть две музейные карточки; сопоставить только подтверждённые сезонные мотивы.,Этнокалендарь РЭМ; локальные варианты обычая требуют отдельного выбора.,https://ethnomuseum.ru/collections/ethnocalendar/december/sukkot8/,,Запись/альбом/описание; проверить локальность и пригодность,Редакторское предложение; новая дата выпуска не назначена
20.12,Пословица о труде: короткая фраза и жизненная ситуация,Почему пословица понятна не в каждом случае?,Подобрать к выбранной записанной пословице подходящую ситуацию; получить объяснение переносного смысла.,"Тема-кандидат в рамках экспозиции РЭМ о русских. Конкретный предмет, местность, дата и подтверждение частного сюжета ещё подбираются; обзор не заменяет предметную атрибуцию.",https://ethnomuseum.ru/exposition/permanent/russians/,,Общий обзор; нужен предмет,Редакторское предложение; новая дата выпуска не назначена
21.12,Домашнее прозвище: имя внутри сообщества,Как отличают людей с одинаковыми именами?,По опубликованному локальному свидетельству восстановить связь прозвища с семьёй; сведения живых людей использовать с согласием.,"Тема-кандидат в рамках экспозиции РЭМ о русских. Конкретный предмет, местность, дата и подтверждение частного сюжета ещё подбираются; обзор не заменяет предметную атрибуцию.",https://ethnomuseum.ru/exposition/permanent/russians/,,Общий обзор; нужен предмет,Редакторское предложение; новая дата выпуска не назначена
22.12,Зимняя песня Лопатней: голос продолжает календарь,Как праздничный репертуар отличается от лирического?,Сравнить два коротких атрибутированных фрагмента села; открыть назначение каждого.,"Русские; село Лопатни, Брянская область. Конкретные записи и исполнители выбираются перед производством.",https://www.culture.ru/objects/2836/pesennaya-tradiciya-sela-lopatni-klincovskogo-raiona-bryanskoi-oblasti,,Запись/альбом/описание; проверить локальность и пригодность,Редакторское предложение; новая дата выпуска не назначена
23.12,Семейный рецепт в тетради: память измеряют на глаз,"Как записать умение, которое раньше показывали руками?","Сопоставить подлинную запись и комментарий владельца; отметить неясные меры, не выдавая их за проверенный рецепт.",История повседневного питания; региональный рецепт и посуда подбираются отдельно.,https://www.culture.ru/s/vopros/chto-eli-do-kartoshki/,,Запись/альбом/описание; проверить локальность и пригодность,Редакторское предложение; новая дата выпуска не назначена
25.12,Упаковка подарка: забота видна ещё до открытия,Что о дарителе рассказывает собственноручная отделка?,По документированному семейному примеру сопоставить подарок и упаковку; собственный вариант подписать как современный.,"Тема-кандидат в рамках экспозиции РЭМ о русских. Конкретный предмет, местность, дата и подтверждение частного сюжета ещё подбираются; обзор не заменяет предметную атрибуцию.",https://ethnomuseum.ru/exposition/permanent/russians/,,Общий обзор; нужен предмет,Редакторское предложение; новая дата выпуска не назначена
28.12,Новогодняя маска: домашний спектакль на один вечер,Как ребёнок превращается в персонажа?,Сопоставить датированную маску и праздничный снимок; выбрать детали собственного современного эскиза.,"Тема-кандидат в рамках экспозиции РЭМ о русских. Конкретный предмет, местность, дата и подтверждение частного сюжета ещё подбираются; обзор не заменяет предметную атрибуцию.",https://ethnomuseum.ru/exposition/permanent/russians/,,Общий обзор; нужен предмет,Редакторское предложение; новая дата выпуска не назначена
29.12,Костюм для утренника: семейное рукоделие XX века,Что можно сшить из доступных домашних материалов?,По документированной истории костюма собрать карту материалов и участников изготовления.,"Тема-кандидат в рамках экспозиции РЭМ о русских. Конкретный предмет, местность, дата и подтверждение частного сюжета ещё подбираются; обзор не заменяет предметную атрибуцию.",https://ethnomuseum.ru/exposition/permanent/russians/,,Общий обзор; нужен предмет,Редакторское предложение; новая дата выпуска не назначена
31.12,Год семьи в двенадцати вещах,Какие предметы расскажут о прожитом годе без длинной хроники?,Выбрать по одной истории каждого месяца из календаря; собрать личный музейный маршрут с названиями и ссылками.,"Тема-кандидат в рамках экспозиции РЭМ о русских. Конкретный предмет, местность, дата и подтверждение частного сюжета ещё подбираются; обзор не заменяет предметную атрибуцию.",https://ethnomuseum.ru/exposition/permanent/russians/,"Навигационный итог года, не самостоятельный исторический экспонат; перед новым календарём заменить или вынести за его состав.",Общий обзор; нужен предмет,Редакторское предложение; новая дата выпуска не назначена
